ID,composition,source,temperature,target,family,ChemicalFamily,0
1.0,Li2Ti0.75Ta0.25O3.125,10.1016/j.fusengdes.2010.04.003,300.0,9e-05,Rocksalt,Oxides,
2.0,Li2OHBr,10.1002/aenm.201700971,22.06,5.4e-07,Anti-Perovskite,Oxides and Other Anions,
3.0,Li2.4OH0.6Cl,10.1002/aenm.201700971,26.0,12.0,Anti-Perovskite,Oxides and Other Anions,
4.0,Li2.1OH0.9Cl,10.1002/aenm.201700971,26.0,8.05e-08,Anti-Perovskite,Oxides and Other Anions,
5.0,Li2OHCl,10.1002/aenm.201700971,26.0,7.11e-08,Anti-Perovskite,Oxides and Other Anions,
6.0,Li2.7OH0.3Cl,10.1002/aenm.201700971,26.0,7.3e-09,Anti-Perovskite,Oxides and Other Anions,
8.0,Li6PO5Cl,10.1002/zaac.201000121,25.0,1e-09,Argyrodite,Oxides and Other Anions,
14.0,Li14ZnGe4O16,10.1016/0025-5408(78)90075-2,300.0,0.125,LISICON,,
15.0,(YPO4)0.8(Li3PO4)0.2,10.1016/0167-2738(89)90457-8,600.0,0.037,Zircon,,
16.0,(YPO4)0.8(Li3PO4)0.2,10.1016/0167-2738(89)90457-8,400.0,0.00054,Zircon,,
17.0,Li7La3Zr2O12,10.1002/anie.200701144,24.85,0.000511,Garnet,Oxides,
18.0,Li3.4Si0.4P0.6S4,10.1006/jssc.2002.9701,27.0,0.00064,Thio-LISICON,Sulphides,
19.0,Li6.4La3Zr1.4Ta0.6O12,10.1039/C2JM31413D,34.0,0.00206,Garnet,Oxides,
20.0,Li7.06La3Zr1.94Y0.06O12,10.1016/j.elecom.2011.08.014,25.0,0.000956,Garnet,Oxides,
21.0, Li6.4Al0.19La3Zr2O11.8,10.1016/j.jpowsour.2012.02.100,24.85,0.00031,Garnet,Oxides,
22.0,La0.57Li0.29TiO3,10.1016/j.jpowsour.2012.11.098,26.85,0.0016,Perovskite,Oxides,
23.0,Li6.5La3Zr1.75Te0.25O12,10.1016/j.jpowsour.2013.03.166,29.85,0.000107,Garnet,Oxides,
24.0,Li7La3Zr2O12,10.1016/j.jssc.2009.05.020,24.85,-3.0,Garnet,Oxides,
25.0,Li9.6P3S12,10.1038/nenergy.2016.30,24.85,0.00158,Thio-LISICON,Sulphides,
26.0,Li1.3Al0.3Ti1.7(PO4)3,10.1016/j.ssi.2014.07.018,24.85,0.0062,NASICON,Oxides,
27.0,Li1.3Al0.3Ti1.7(PO4)3,10.1016/j.ssi.2016.07.010,24.85,0.00121,NASICON,Oxides,
29.0,Li1.2Ti1.8Sc0.2(PO4)3,10.1021/acs.inorgchem.6b02274,25.0,0.000231,NASICON,Oxides,
30.0,Li1.6Al0.6Ge0.8(PO4)3,10.1021/cm021717j,24.85,0.0007,NASICON,Oxides,
31.0,Li6.55La3Zr2Ga0.9O12,10.1021/cm5008069,24.85,0.0013,Garnet,Oxides,
34.0,Li2OHCl,10.1021/jacs.5b11851,195.0,0.0028,Anti-Perovskite,,
35.0,LiTi2(PO4)3,10.1021/jp973296c,24.85,3.83e-07,NASICON,Oxides,
36.0,Li9.54Si1.74P1.44S11.7Cl0.3,10.1038/nenergy.2016.30,24.85,0.025,Thio-LISICON,Sulphides and Other Anions,
37.0,Li10GeP2S12,10.1016/j.ssi.2015.02.014,25.0,0.00203,Thio-LISICON,Sulphides,
39.0,Li7P3S11,10.1039/C3EE41655K,24.85,0.0032,Thio-LISICON,Sulphides,
40.0,Li1.4Al0.4Ti1.6(PO4)3,10.1039/C5TA08545D,24.85,0.00563,NASICON,Oxides,
41.0,Li6.46Al0.15La3Zr1.95O11.86,10.1016/j.ensm.2019.08.017,25.0,8.3e-05,Garnet,Oxides,
42.0,Li6.4La3Zr1.7W0.3O12,10.1063/1.4818971,303.0,0.000789,Garnet,,
44.0,Li3.25Ge0.25P0.75S4,10.1016/j.ssi.2015.02.014,25.0,0.00203,Thio-LISICON,Sulphides,
45.0,Li6.5La2.9Ba0.1Zr1.4Ta0.6O12,10.3389/fenrg.2016.00028,26.85,0.00083,Garnet,Oxides,
46.0,Li6.5La3Zr1.5Ta0.5O12,10.3389/fenrg.2016.00028,26.85,0.000794,Garnet,Oxides,
52.0,La0.55Li0.361Ti0.995Al0.005O3,10.1007/BF02375549,100.0,0.01,Perovskite,,
53.0,La0.56Li0.36Ti0.95Al0.05O3,10.1007/BF02375549,119.0,0.0063,Perovskite,,
54.0,La0.55Li0.36Ti0.992Al0.008O3,10.1007/BF02375549,100.0,0.00585,Perovskite,,
55.0,La0.56Li0.36Ti0.95Al0.05O3,10.1007/BF02375549,100.0,0.00398,Perovskite,,
56.0,La0.55Li0.361Ti0.995Al0.005O3,10.1007/BF02375549,65.0,0.00396,Perovskite,,
57.0,La0.56Li0.36Ti0.95Al0.05O3,10.1007/BF02375549,70.0,0.00211,Perovskite,,
58.0,La0.55Li0.36Ti0.992Al0.008O3,10.1007/BF02375549,60.0,0.00208,Perovskite,,
59.0,La0.55Li0.361Ti0.995Al0.005O3,10.1007/BF02375549,35.0,0.0011,Perovskite,Oxides,
60.0,La0.55Li0.36Ti0.992Al0.008O3,10.1007/BF02375549,25.0,0.000654,Perovskite,Oxides,
61.0,La0.56Li0.36Ti0.95Al0.05O3,10.1007/BF02375549,79.36,0.00354,Perovskite,Oxides,
62.0,Li0.022 La0.117 Ti0.208 Al0.001 O0.626,10.1007/BF02378009,112.0,0.0163,Perovskite,,
63.0,Li0.022 La0.117 Ti0.208 Al0.001 O0.626,10.1007/BF02378009,72.0,0.00574,Perovskite,,
64.0,Li0.022 La0.117 Ti0.208 Al0.001 O0.626,10.1007/BF02378009,30.0,0.00126,Perovskite,Oxides,
66.0,LiPO3,10.1007/s00339-007-4020-y,255.0,9.8e-09,Glass,,
67.0,LiPO3,10.1007/s00339-007-4020-y,300.0,1.16e-07,Glass,,
68.0,LiPO3,10.1007/s00339-007-4020-y,280.0,2.5e-08,Glass,,
69.0,LiPO3,10.1007/s00339-007-4020-y,322.0,4.5e-07,Glass,,
70.0,Li6BaLa2Ta2O12 ,10.1007/s00339-008-4494-2,200.0,0.0135,Garnet,,
71.0,Li6BaLa2Ta2O12 ,10.1007/s00339-008-4494-2,150.0,0.00473,Garnet,,
72.0,Li6BaLa2Ta2O12 ,10.1007/s00339-008-4494-2,100.0,0.00113,Garnet,,
73.0,Li6BaLa2Ta2O12 ,10.1007/s00339-008-4494-2,50.0,0.000138,Garnet,,
74.0,Li0.228La0.59TiO3,10.1007/s10717-007-0032-5,214.0,0.000106,Perovskite,,
75.0,Li0.24La0.59TiO3,10.1007/s10717-007-0032-5,89.0,0.000227,Perovskite,,
76.0,Li0.24La0.59TiO3,10.1007/s10717-007-0032-5,124.0,0.000252,Perovskite,,
78.0,Li0.24La0.59TiO3,10.1007/s10717-007-0032-5,55.0,0.000226,Perovskite,,
79.0,Li0.24La0.59TiO3,10.1007/s10717-007-0032-5,23.0,0.000166,Perovskite,Oxides,
80.0,Li0.33La0.56Ti0.96Al0.04O2.96F0.04,10.1007/s11581-006-0011-9,200.0,0.0095,Perovskite,,
82.0,Li0.33La0.56Ti0.96Al0.04O2.96F0.04,10.1007/s11581-006-0011-9,100.0,0.00274,Perovskite,,
83.0,Li0.33La0.56Ti0.96Al0.04O2.96F0.04,10.1007/s11581-006-0011-9,25.0,0.000622,Perovskite,Oxides and Other Anions,
84.0,"""(Li2S)0.5 ((P2S5)0.4 (Sb2S3)0.6)0.5""",10.1007/s11581-006-0054-y,34.0,2.26e-07,Glass,Sulphides,
85.0,"""(Li2S)0.3 ((P2S5)0.4 (Sb2S3)0.6)0.7""",10.1007/s11581-006-0054-y,31.0,2.98e-08,Glass,Sulphides,
86.0,"""(Li2S)0.4 ((P2S5)0.4 (Sb2S3)0.6)0.6""",10.1007/s11581-006-0054-y,25.0,1.6e-07,Glass,Sulphides,
87.0,Li6.25Ba1.25La1.75Ta2O12,10.1007/s11581-007-0097-8,200.0,0.00761,Garnet,,
88.0,Li5La3Ta2O12,10.1007/s11581-007-0097-8,199.0,0.00272,Garnet,,
89.0,Li6.25Ba1.25La1.75Ta2O12,10.1007/s11581-007-0097-8,127.0,0.0014,Garnet,,
90.0,Li5La3Ta2O12,10.1007/s11581-007-0097-8,129.0,0.000343,Garnet,,
91.0,Li6.25Ba1.25La1.75Ta2O12,10.1007/s11581-007-0097-8,100.0,0.000624,Garnet,,
92.0,Li6.25Ba1.25La1.75Ta2O12,10.1007/s11581-007-0097-8,34.0,0.000129,Garnet,Oxides,
93.0,Li5La3Ta2O12,10.1007/s11581-007-0097-8,79.0,5e-05,Garnet,,
94.0,Li6.25Ba1.25La1.75Ta2O12,10.1007/s11581-007-0097-8,18.0,2.7e-05,Garnet,Oxides,
95.0,Li5La3Ta2O12,10.1007/s11581-007-0097-8,32.0,2.91e-06,Garnet,Oxides,
96.0,Li5La3Ta2O12,10.1007/s11581-007-0097-8,15.0,1.31e-06,Garnet,Oxides,
97.0,Li1.3Al0.3Ti1.7(PO4)3,10.1007/s11581-007-0197-5,58.17,0.00024,NASICON,,
98.0,Li1.3Al0.3Ti1.7(PO4)3,10.1007/s11581-007-0197-5,25.0,5.2e-07,NASICON,Oxides,
99.0,Li1.3Al0.3Ti1.7(PO4)3,10.1007/s11581-007-0197-5,21.42,3.33e-07,NASICON,Oxides,
100.0,LiP0.65I0.35O1.95,10.1007/s11581-008-0252-x,110.18,0.00158,Glass,,
101.0,LiP0.75I0.25O2.25,10.1007/s11581-008-0252-x,110.0,0.000794,Glass,,
103.0,LiP0.9I0.1O2.7,10.1007/s11581-008-0252-x,25.0,0.000398,Glass,Oxides and Other Anions,
104.0,"""(LiCl)0.5 (P2O5)0.5""",10.1007/s11581-008-0276-2,192.0,9.12e-06,Glass,,
105.0,"""(LiCl)0.5 (P2O5)0.5""",10.1007/s11581-008-0276-2,149.87,1.23e-06,Glass,,
106.0,"""(LiCl)0.5 (P2O5)0.5""",10.1007/s11581-008-0276-2,30.0,6.83e-08,Glass,Oxides and Other Anions,
107.0, Li0.8La0.066Zr2(PO4)3,10.1007/s11581-009-0332-6,225.81,0.00317,NASICON,,
108.0, Li0.8La0.066Zr2(PO4)3,10.1007/s11581-009-0332-6,176.37,0.000886,NASICON,,
109.0, Li0.8La0.066Zr2(PO4)3,10.1007/s11581-009-0332-6,126.37,0.000176,NASICON,,
110.0, Li0.8La0.066Zr2(PO4)3,10.1007/s11581-009-0332-6,77.03,3.73e-05,NASICON,,
111.0,Li0.5La0.5TiO3,10.1016/j.jallcom.2009.07.091,131.0,0.000125,Perovskite,,
112.0,Li0.5La0.5TiO3,10.1016/j.jallcom.2009.07.091,110.0,9.33e-05,Perovskite,,
113.0,Li0.5La0.5TiO3,10.1016/j.jallcom.2009.07.091,70.0,2.65e-05,Perovskite,,
114.0,Li0.5La0.5TiO3,10.1016/j.jallcom.2009.07.091,50.0,1.17e-05,Perovskite,,
115.0,Li0.5La0.5TiO3,10.1016/j.jallcom.2009.07.091,30.0,5.8e-06,Perovskite,Oxides,
116.0,Li0.5La0.5TiO3,10.1016/j.jallcom.2009.07.091,10.0,2.07e-06,Perovskite,,
117.0,"""(Li2O)50 (Al2O3)2 (P2O5)48""",10.1016/j.jeurceramsoc.2008.12.016,60.0,5.01e-08,Glass,,
118.0,"""(Li2O)50 (Al2O3)2 (P2O5)48""",10.1016/j.jeurceramsoc.2008.12.016,75.0,1.99e-07,Glass,,
119.0,"""(Li2O)50 (Al2O3)2 (P2O5)48""",10.1016/j.jeurceramsoc.2008.12.016,95.0,6.31e-07,Glass,,
120.0,"""(Li2O)50 (Al2O3)2 (P2O5)48""",10.1016/j.jeurceramsoc.2008.12.016,121.0,4.47e-06,Glass,,
121.0,"""(Li2O)50 (Al2O3)2 (P2O5)48""",10.1016/j.jeurceramsoc.2008.12.016,130.0,7.94e-06,Glass,,
122.0,"""(Li2O)50 (Al2O3)2 (P2O5)48""",10.1016/j.jeurceramsoc.2008.12.016,25.0,3.16e-09,Glass,Oxides,
123.0,"""(Li2O)50 (Al2O3)3 (P2O5)47""",10.1016/j.jeurceramsoc.2008.12.016,52.0,5.25e-08,Glass,,
124.0,"""(Li2O)50 (Al2O3)3 (P2O5)47""",10.1016/j.jeurceramsoc.2008.12.016,65.0,1.12e-07,Glass,,
125.0,"""(Li2O)50 (Al2O3)3 (P2O5)47""",10.1016/j.jeurceramsoc.2008.12.016,85.0,5e-07,Glass,,
126.0,"""(Li2O)50 (Al2O3)3 (P2O5)47""",10.1016/j.jeurceramsoc.2008.12.016,105.0,1.78e-06,Glass,,
127.0,"""(Li2O)50 (Al2O3)3 (P2O5)47""",10.1016/j.jeurceramsoc.2008.12.016,130.0,1.12e-05,Glass,,
128.0,"""(Li2O)50 (Al2O3)3 (P2O5)47""",10.1016/j.jeurceramsoc.2008.12.016,25.0,5.75e-09,Glass,Oxides,
129.0,"""(Li2O)50 (Al2O3)4 (P2O5)46""",10.1016/j.jeurceramsoc.2008.12.016,25.0,9.12e-09,Glass,Oxides,
134.0,"""(LiI)0.3 ((Li2S)0.3 ((Ga2S3)0.1 (GeS2)0.9)0.7)0.7""",10.1016/j.ssi.2007.10.011,25.0,0.000291,Glass,Sulphides and Other Anions,
135.0,"""(Li2S)0.3 ((Ga2S3)0.1 (GeS2)0.9)0.7""",10.1016/j.ssi.2007.10.011,25.0,1.89e-06,Glass,Sulphides and Other Anions,
136.0,"""((Li2S)0.6 (SiS2)0.4 )95 (Li4SiO4)5""",10.1016/j.jpowsour.2006.04.037,193.0,0.044,Glass,Sulphides and Other Anions,
139.0,"""((Li2S)0.6 (SiS2)0.4 )95 (Li4SiO4)5""",10.1016/j.jpowsour.2006.04.037,130.0,0.0132,Glass,Sulphides and Other Anions,
142.0,"""((Li2S)0.6 (SiS2)0.4 )95 (Li4SiO4)5""",10.1016/j.jpowsour.2006.04.037,109.0,0.009,Glass,Sulphides,
143.0,"""((Li2S)0.6 (SiS2)0.4 )95 (Li4SiO4)5""",10.1016/j.jpowsour.2006.04.037,84.0,0.00409,Glass,Sulphides,
144.0,"""(Li2S)0.8 (P2S5)0.2""",10.1016/j.jpowsour.2006.04.037,105.0,0.00403,Glass,Sulphides,
145.0,"""((Li2S)0.6 (SiS2)0.4 )95 (Li4SiO4)5""",10.1016/j.jpowsour.2006.04.037,68.0,0.0023,Glass,Sulphides,
146.0,"""(Li2S)0.8 (P2S5)0.2""",10.1016/j.jpowsour.2006.04.037,40.25,0.00254,Glass,Sulphides,
147.0,"""(Li2S)0.7 (P2S5)0.3""",10.1016/j.jpowsour.2006.04.037,25.0,0.0032,Glass,Sulphides,
148.0,"""(Li2S)0.8 (P2S5)0.2""",10.1016/j.jpowsour.2006.04.037,68.0,0.00118,Glass,Sulphides,
149.0,"""(Li2S)0.8 (P2S5)0.2""",10.1016/j.jpowsour.2006.04.037,25.0,0.00112,Glass,Sulphides,
150.0,"""(Li2S)0.875 (P2S5)0.125""",10.1016/j.jpowsour.2006.04.037,25.0,0.00021,Glass,Sulphides,
152.0,"""(LiCl)0.25 ((Li2O)0.6 (P2O5)0.4)0.75""",10.1016/j.jpowsour.2008.07.089,53.63,2.49e-05,Glass,,
153.0,"""(LiCl)0.25 ((Li2O)0.6 (P2O5)0.4)0.75""",10.1016/j.jpowsour.2008.07.089,23.66,2.45e-06,Glass,Oxides and Other Anions,
155.0,Li0.7Al0.3Ti1.7(PO4)3,10.1016/j.jpowsour.2008.08.009,60.08,0.000401,NASICON,,
156.0,Li0.7Al0.3Ti1.7(PO4)3,10.1016/j.jpowsour.2008.08.009,40.2,0.000202,NASICON,,
157.0,Li0.7Al0.3Ti1.7(PO4)3,10.1016/j.jpowsour.2008.08.009,19.74,7.73e-05,NASICON,Oxides,
158.0,Li1.4S2.2P0.6,10.1016/j.jpowsour.2008.09.044,25.0,0.002,Glass,Sulphides,
159.0,Li1.4S2.2P0.6,10.1016/j.jpowsour.2008.09.044,60.0,0.000219,Glass,,
160.0,Li1.4S2.2P0.6,10.1016/j.jpowsour.2008.09.044,25.0,4.33e-05,Glass,Sulphides,
161.0,Li3.09BO2.53N0.52,10.1016/j.jpowsour.2008.09.089,110.0,3.86e-05,Glass,,
162.0,Li3.09BO2.53N0.52,10.1016/j.jpowsour.2008.09.089,69.0,1.19e-05,Glass,,
163.0,Li3.09BO2.53N0.52,10.1016/j.jpowsour.2008.09.089,39.0,1.85e-06,Glass,,
164.0,Li3.09BO2.53N0.52,10.1016/j.jpowsour.2008.09.089,9.0,3.08e-07,Glass,,
166.0,Li1.4Al0.4(Ge0.67Ti0.33)1.6(PO4)3,10.1016/j.ssi.2004.05.009,143.0,0.00412,NASICON,,
167.0,Li1.4Al0.4(Ge0.67Ti0.33)1.6(PO4)3,10.1016/j.ssi.2004.05.009,97.0,0.00204,NASICON,,
168.0,Li1.4Al0.4(Ge0.67Ti0.33)1.6(PO4)3,10.1016/j.ssi.2004.05.009,60.0,0.00117,NASICON,,
169.0,Li1.4Al0.4(Ge0.67Ti0.33)1.6(PO4)3,10.1016/j.ssi.2004.05.009,21.0,0.000676,NASICON,Oxides,
170.0,Li1.4Al0.4Ti1.6(PO4)3,10.1016/j.ssi.2006.04.010,203.0,0.0104,NASICON,,
171.0,Li1.4Al0.4Ti1.6(PO4)3,10.1016/j.ssi.2006.04.010,143.0,0.00707,NASICON,,
172.0,Li1.4Al0.4Ti1.6(PO4)3,10.1016/j.ssi.2006.04.010,21.0,0.000917,NASICON,Oxides,
173.0,Li1.4S2.2P0.6,10.1016/j.ssi.2006.07.017,220.68,0.0218,Glass,,
174.0,Li1.4S2.2P0.6,10.1016/j.ssi.2006.07.017,177.3,0.0157,Glass,,
175.0,Li1.4S2.2P0.6,10.1016/j.ssi.2006.07.017,137.02,0.0097,Glass,,
176.0,Li1.4S2.2P0.6,10.1016/j.ssi.2006.07.017,76.75,0.00668,Glass,,
177.0,"""((Li2S)0.6 (SiS2)0.4)95 (Li4SiO4)5""",10.1016/j.ssi.2006.07.017,121.0,0.003,Glass,,
178.0,"""((Li2S)0.6 (SiS2)0.4)95 (Li4SiO4)5""",10.1016/j.ssi.2006.07.017,90.0,0.00163,Glass,,
179.0,"""((Li2S)0.6 (SiS2)0.4)95 (Li4SiO4)5""",10.1016/j.ssi.2006.07.017,73.0,0.000757,Glass,,
180.0,"""((Li2S)0.6 (SiS2)0.4)95 (Li4SiO4)5""",10.1016/j.ssi.2006.07.017,47.0,0.000303,Glass,,
181.0,Li1.4S2.2P0.6,10.1016/j.ssi.2006.07.017,25.0,4.64e-05,Glass,Sulphides,
182.0,"""(Li2S)0.3 ((Ga2S3)0.1 (GeS2)0.9)0.7""",10.1016/j.ssi.2007.10.011,215.0,0.00422,Glass,Sulphides,
185.0,"""(Li2S)0.5 ((Ga2S3)0.1 (GeS2)0.9)0.5""",10.1016/j.ssi.2007.10.011,28.0,6.7e-05,Glass,Sulphides,
188.0,"""(Li2S)0.5 ((Ga2S3)0.1 (GeS2)0.9)0.5""",10.1016/j.ssi.2007.10.011,215.0,0.0335,Glass,Sulphides,
189.0,"""(Li2S)0.4 ((Ga2S3)0.1 (GeS2)0.9)0.6""",10.1016/j.ssi.2007.10.011,21.0,2.87e-06,Glass,Sulphides,
190.0,"""(Li2S)0.4 ((Ga2S3)0.1 (GeS2)0.9)0.6""",10.1016/j.ssi.2007.10.011,205.0,0.0119,Glass,Sulphides,
191.0,Li5Nd3Sb2O12,10.1016/j.ssi.2008.01.002,207.0,0.00139,Garnet,,
192.0,Li5La3Sb2O12,10.1016/j.ssi.2008.01.002,207.0,0.00116,Garnet,,
193.0,Li5La3Sb2O12,10.1016/j.ssi.2008.01.002,131.0,0.000195,Garnet,,
194.0,Li5Nd3Sb2O12,10.1016/j.ssi.2008.01.002,133.0,0.000123,Garnet,,
195.0,Li5La3Sb2O12,10.1016/j.ssi.2008.01.002,89.0,1.32e-05,Garnet,,
196.0,Li5Nd3Sb2O12,10.1016/j.ssi.2008.01.002,68.0,2.76e-06,Garnet,,
197.0,Li6La2SrNb2O12,10.1016/j.ssi.2008.01.047,25.0,6.21e-07,Garnet,Oxides,
198.0,Li6La2SrNb2O12,10.1016/j.ssi.2008.01.047,100.0,0.00268,Garnet,,
199.0,Li6La2CaNb2O12,10.1016/j.ssi.2008.01.047,154.0,7.82e-05,Garnet,,
200.0,Li6La2CaNb2O12,10.1016/j.ssi.2008.01.047,99.0,3e-05,Garnet,,
201.0,Li6La2SrNb2O12,10.1016/j.ssi.2008.01.047,47.0,3.13e-05,Garnet,,
207.0,Li0.1Na0.1La0.6TiO3,10.1016/j.ssi.2008.03.015,223.0,0.00416,Perovskite,,
208.0,Li0.1Na0.1La0.6TiO3,10.1016/j.ssi.2008.03.015,184.0,0.00276,Perovskite,,
209.0,Li0.1Na0.1La0.6TiO3,10.1016/j.ssi.2008.03.015,135.0,0.00117,Perovskite,,
210.0,Li0.1Na0.1La0.6TiO3,10.1016/j.ssi.2008.03.015,75.0,0.000278,Perovskite,,
211.0,Li0.1Na0.1La0.6TiO3,10.1016/j.ssi.2008.03.015,34.0,6.15e-05,Perovskite,Oxides,
212.0,LiPO3,10.1016/j.ssi.2008.04.015,170.0,5.89e-06,Glass,,
213.0,Li0.5La0.5TiO3,10.1016/j.ssi.2008.08.013,90.0,0.00031,Perovskite,,
214.0,Li0.5La0.5TiO3,10.1016/j.ssi.2008.08.013,55.0,0.000146,Perovskite,,
215.0,Li0.5La0.5TiO3,10.1016/j.ssi.2008.08.013,15.0,2.78e-05,Perovskite,Oxides,
216.0,Li6BaLa2Ta2O12 ,10.1016/j.ssi.2008.10.022,168.0,0.00227,Garnet,,
217.0,Li6CaLa2Ta2O12,10.1016/j.ssi.2008.10.022,175.0,0.00105,Garnet,,
218.0,Li6BaLa2Ta2O12 ,10.1016/j.ssi.2008.10.022,85.0,0.000225,Garnet,,
219.0,Li6CaLa2Ta2O12,10.1016/j.ssi.2008.10.022,87.0,6.61e-05,Garnet,,
220.0,Li6BaLa2Ta2O12 ,10.1016/j.ssi.2008.10.022,25.0,1.28e-05,Garnet,Oxides,
221.0,Li6CaLa2Ta2O12,10.1016/j.ssi.2008.10.022,27.0,2.24e-06,Garnet,Oxides,
222.0,LiAlSi2O6,10.1016/j.ssi.2009.02.028,174.0,6.67e-06,Glass,,
223.0,LiAlSi2O6,10.1016/j.ssi.2009.02.028,128.0,1.08e-06,Glass,,
224.0,LiAlSi2O6,10.1016/j.ssi.2009.02.028,58.0,1.69e-08,Glass,,
225.0,Li7La3Ta2O13,10.1016/j.ssi.2009.07.002,121.0,6.85e-05,Garnet,,
226.0,Li7La3Ta2O13,10.1016/j.ssi.2009.07.002,90.0,2.76e-05,Garnet,,
227.0,Li7La3Ta2O13,10.1016/j.ssi.2009.07.002,60.0,9.33e-06,Garnet,,
228.0,Li7La3Ta2O13,10.1016/j.ssi.2009.07.002,30.0,2.65e-06,Garnet,Oxides,
230.0,Li0.5La0.5TiO3,10.1016/j.ssi.2009.08.002,134.0,0.00376,Perovskite,,
231.0,Li0.5La0.5TiO3,10.1016/j.ssi.2009.08.002,118.0,0.0028,Perovskite,,
232.0,Li0.5La0.5TiO3,10.1016/j.ssi.2009.08.002,102.0,0.00193,Perovskite,,
233.0,Li0.5La0.5TiO3,10.1016/j.ssi.2009.08.002,72.0,0.000602,Perovskite,,
234.0,Li0.5La0.5TiO3,10.1016/j.ssi.2009.08.002,44.0,0.000159,Perovskite,,
235.0,Li0.24La0.59TiO3,10.1016/j.ssi.2009.08.002,29.0,7.6e-05,Perovskite,Oxides,
236.0,Li0.5La0.5TiO3,10.1016/j.ssi.2009.08.002,19.0,5.61e-05,Perovskite,Oxides,
237.0,Li5La3Ta2O12,10.1016/j.ssi.2009.11.015,60.0,1.52e-05,Garnet,,
238.0,Li5La3Ta2O12,10.1016/j.ssi.2009.11.015,50.0,8.39e-06,Garnet,,
239.0,Li5La3Ta2O12,10.1016/j.ssi.2009.11.015,25.0,1.51e-06,Garnet,Oxides,
240.0,"""(Li2O)16.6 (SiO2)83.4""",10.1016/S0022-3093(99)00688-2,179.0,2.77e-06,Glass,,
241.0,"""(Li2O)16.6 (SiO2)83.4""",10.1016/S0022-3093(99)00688-2,135.0,3.53e-07,Glass,,
242.0,"""(Li2O)16.6 (SiO2)83.4""",10.1016/S0022-3093(99)00688-2,90.0,3.21e-08,Glass,,
243.0,Li4.2Ge0.8Ga0.2S4,10.1016/S0167-2738(00)00277-0,202.0,0.00539,Thio-LISICON,,
244.0,Li4.2Ge0.8Ga0.2S4,10.1016/S0167-2738(00)00277-0,125.0,0.00179,Thio-LISICON,,
245.0,Li4.2Ge0.8Ga0.2S4,10.1016/S0167-2738(00)00277-0,74.0,0.000415,Thio-LISICON,,
246.0,Li4.2Ge0.8Ga0.2S4,10.1016/S0167-2738(00)00277-0,25.0,6.5e-05,Thio-LISICON,Sulphides,
247.0,Li1.076Al0.6923Ti1.462(PO4)3,10.1016/S0167-2738(97)00018-0,58.0,0.00374,NASICON,,
248.0,Li1.076Al0.6923Ti1.462(PO4)3,10.1016/S0167-2738(97)00018-0,21.0,0.000825,NASICON,Oxides,
249.0,Li1.5Al0.5Ge1.5(PO4)3,10.1016/S0167-2738(97)00434-7,25.0,0.000218,NASICON,Oxides,
250.0,LiGe2(PO4)3,10.1016/S0167-2738(97)00434-7,21.23,1e-06,NASICON,Oxides,
251.0,Li4Nd3TeSbO12,10.1021/cm703677q,200.0,2.64e-05,Garnet,,
252.0,Li4Nd3TeSbO12,10.1021/cm703677q,25.0,8.7e-09,Garnet,Oxides,
253.0,"""(Li2O)50 (LiF)20 (P2O5)30""",10.1134/S1023193509050048,106.0,7.99e-05,Glass,,
254.0,"""(Li2O)50 (LiF)20 (P2O5)30""",10.1134/S1023193509050048,53.0,4.52e-06,Glass,,
255.0,"""(Li2O)50 (LiF)20 (P2O5)30""",10.1134/S1023193509050048,25.0,4.4e-07,Glass,Oxides and Other Anions,
256.0,"""(Li2O)50 (LiF)20 (P2O5)30""",10.1134/S1023193509050048,88.0,2.24e-05,Glass,,
265.0,Li3.2Ge0.2P0.8S4,10.1149/1.1379028,290.0,0.1,Thio-LISICON,,
266.0,Li3.6Ge0.6P0.4S4,10.1149/1.1379028,290.0,0.0631,Thio-LISICON,,
267.0,Li3.8Ge0.8P0.2S4,10.1149/1.1379028,290.0,0.0126,Thio-LISICON,,
268.0,Li9SiAlO8,10.1149/1.1836980,30.0,2.3e-07,Glass,Oxides,
269.0,Li6Sr0.5Ba0.5La2Ta2O12,10.1149/1.2800764,200.0,0.0057,Garnet,,
270.0,Li6SrLa2Ta2O12,10.1149/1.2800764,200.0,0.00589,Garnet,,
271.0,Li6Sr0.5Ba0.5La2Ta2O12,10.1149/1.2800764,150.0,0.00163,Garnet,,
272.0,Li6SrLa2Ta2O12,10.1149/1.2800764,149.0,0.0015,Garnet,,
273.0,Li6Sr0.5Ba0.5La2Ta2O12,10.1149/1.2800764,100.0,0.000333,Garnet,,
274.0,Li6SrLa2Ta2O12,10.1149/1.2800764,100.0,0.000268,Garnet,,
275.0,Li6BaLa2Ta2O12,10.1149/1.2800764,50.0,0.00013,Garnet,,
277.0,Li6Sr0.5Ba0.5La2Ta2O12,10.1149/1.2800764,50.0,4.96e-05,Garnet,,
278.0,Li6MgLa2Ta2O12,10.1149/1.2800764,100.0,2.45e-05,Garnet,,
281.0,Li6SrLa2Ta2O12,10.1149/1.2800764,50.0,3.66e-05,Garnet,,
282.0,Li6CaLa2Ta2O12,10.1149/1.2800764,100.0,3.58e-05,Garnet,,
285.0,Li6BaLa2Ta2O12,10.1149/1.2800764,17.0,2.25e-05,Garnet,Oxides,
288.0,Li6SrLa2Ta2O12,10.1149/1.2800764,33.0,1.38e-05,Garnet,Oxides,
289.0,Li6Sr0.5Ba0.5La2Ta2O12,10.1149/1.2800764,20.0,8.08e-06,Garnet,Oxides,
290.0,Li6Sr0.5Ba0.5La2Ta2O12,10.1149/1.2800764,33.0,6.46e-06,Garnet,Oxides,
291.0,Li6CaLa2Ta2O12,10.1149/1.2800764,50.0,3.59e-06,Garnet,,
292.0,Li6MgLa2Ta2O12,10.1149/1.2800764,50.0,2.74e-06,Garnet,,
300.0,Li3.2Ge0.2P0.8S4,10.1149/1.1379028,27.0,0.00054,Thio-LISICON,Sulphides,
301.0,Li6.75La3Zr1.75Ta0.25O12,10.1016/j.jpowsour.2012.01.131,25.0,0.000896,Garnet,Oxides,
302.0,"""(Li2S)50 (P2S5)17 (LiBH4)33""",10.1016/j.jpowsour.2012.12.001,25.0,0.00143,Glass,Sulphides and Other Anions,
303.0,Li2.7Cr1.7Hf0.3(PO4)3,10.1016/S0167-2738(98)00207-0,171.0,2.25e-05,NASICON,,
304.0,Li2.5Cr1.5Hf0.5(PO4)3,10.1016/S0167-2738(98)00207-0,300.0,0.000355,NASICON,,
305.0,Li1.7Cr0.7Hf1.3(PO4)3,10.1016/S0167-2738(98)00207-0,300.0,0.000528,NASICON,,
306.0,Li2.3Cr1.3Hf0.7(PO4)3,10.1006/jssc.2000.8658,300.0,0.000181,NASICON,,
307.0,Li2CrHf(PO4)3,10.1016/S0167-2738(96)00565-6,300.0,0.000335,NASICON,,
308.0,Li1.3Fe0.3Ti1.7(PO4)3,10.1007/s10008-002-0314-3,300.0,0.00858,NASICON,,
309.0,Li2AlZr(PO4)3,10.1007/s10008-008-0520-8,300.0,3.4e-06,NASICON,,
310.0,Li1.3Al0.1Sc0.2Ti1.7(PO4)3,10.1007/s10008-012-1780-x,25.0,0.000426,NASICON,Oxides,
311.0,Li1.3Al0.2Sc0.1Ti1.7(PO4)3,10.1007/s10008-012-1780-x,25.0,0.000269,NASICON,Oxides,
312.0,Li1.15Fe0.15Ti1.85(PO4)3,10.1007/s11164-013-1348-0,25.0,0.000522,NASICON,Oxides,
313.0,LiTi2(PO4)3,10.1007/s11164-013-1348-0,25.0,7.2e-05,NASICON,Oxides,
314.0,Li0.95Hf1.95Ta0.05(PO4)3,10.1016/0025-5408(77)90161-1,300.0,0.00066,Lysonite,,
315.0,Li0.95Zr1.95Ta0.05(PO4)3,10.1016/0025-5408(77)90161-1,300.0,0.00073,NASICON,,
316.0,Li0.9Zr1.9Ta0.1(PO4)3,10.1016/0025-5408(77)90161-1,300.0,0.00095,NASICON,,
317.0,Li0.5Hf1.5Ta0.5(PO4)3,10.1016/0025-5408(77)90161-1,200.0,0.00093,NASICON,,
318.0,Li0.8Zr1.8Nb0.2(PO4)3,10.1016/0025-5408(77)90161-1,200.0,7.4e-05,NASICON,,
320.0,Li0.5Zr1.5Ta0.5(PO4)3,10.1016/0025-5408(77)90161-1,200.0,0.0009,NASICON,,
321.0,Li0.85Hf1.85Ta0.15(PO4)3,10.1016/0025-5408(77)90161-1,200.0,0.00051,NASICON,,
322.0,Li0.5Zr1.5Nb0.5(PO4)3,10.1016/0025-5408(89)90129-3,200.0,0.00197,NASICON,,
323.0,Li0.6Zr1.6Nb0.4(PO4)3,10.1016/0025-5408(89)90129-3,200.0,0.000292,NASICON,,
324.0,Li0.8Hf1.8Nb0.2(PO4)3,10.1016/0025-5408(89)90129-3,200.0,0.000213,NASICON,,
325.0,Li0.1Zr1.1Nb0.9(PO4)3,10.1016/0025-5408(89)90129-3,200.0,0.00197,NASICON,,
326.0,LiHfTi(PO4)3,10.1016/0025-5408(89)90129-3,23.0,5.63e-07,NASICON,Oxides,
327.0,Li0.2Zr1.2Nb0.8(PO4)3,10.1016/0025-5408(89)90129-3,25.0,2.38e-07,NASICON,Oxides,
328.0,Li3Fe2(PO4)3,10.1016/0167-2738(83)90101-7,50.0,5.6e-08,NASICON,,
329.0,Li3Cr2(PO4)3,10.1016/0167-2738(83)90101-7,50.0,2.5e-08,NASICON,,
332.0,Li1.6Ga0.6Ti1.4(PO4)3,10.1016/0167-2738(86)90176-1,25.0,1.3e-05,NASICON,Oxides,
333.0,Li1.2Sc0.2Ti1.8(PO4)3,10.1016/0167-2738(86)90179-7,25.0,0.000246,NASICON,Oxides,
334.0,Li1.8Sc0.8Ti1.2(PO4)3,10.1016/0167-2738(86)90179-7,25.0,0.00088,NASICON,Oxides,
335.0,Li1.3Sc0.3Ti1.7(PO4)3,10.1016/0167-2738(86)90179-7,25.0,0.000568,NASICON,Oxides,
336.0,Li1.1Sc0.1Ti1.9(PO4)3,10.1016/0167-2738(86)90179-7,25.0,0.000158,NASICON,Oxides,
337.0,Li1.2Sc0.2Ti1.6Zr0.2(PO4)3,10.1016/0167-2738(86)90179-7,25.0,0.00012,NASICON,Oxides,
338.0,LiTi1.75Zr0.25(PO4)3,10.1016/0167-2738(90)90188-W,154.0,7.35e-05,NASICON,,
339.0,Li1.3In0.3Hf1.7(PO4)3,10.1016/0167-2738(86)90179-7,25.0,1e-05,NASICON,Oxides,
340.0,LiTi0.2Zr1.8(PO4)3,10.1016/0167-2738(86)90179-7,25.0,5.6e-08,NASICON,Oxides,
341.0,Li1.2Sc0.2Ti0.2Zr1.5(PO4)3,10.1016/0167-2738(86)90179-7,25.0,3.1e-07,NASICON,Oxides,
342.0,LiTi1.8Zr0.2(PO4)3,10.1016/0167-2738(86)90179-7,25.0,8.5e-08,NASICON,Oxides,
343.0,LiTi0.5Zr1.5(PO4)3,10.1016/0167-2738(86)90179-7,25.0,6.2e-08,NASICON,Oxides,
344.0,LiTi0.5Zr1.5(PO4)3,10.1016/0167-2738(86)90179-7,300.0,0.00052,NASICON,,
346.0,LiTiZr(PO4)3,10.1016/0167-2738(86)90179-7,25.0,4e-08,NASICON,Oxides,
348.0,LiTi0.1Zr1.9(PO4)3,10.1016/0167-2738(86)90179-7,25.0,3.2e-08,NASICON,Oxides,
349.0,Li1.35In0.35Ti1.65(PO4)3,10.1016/0167-2738(86)90183-9,300.0,0.021,NASICON,,
350.0,Li1.2Al1.1Ta0.9(PO4)3,10.1039/A807007E,30.0,6.5e-07,NASICON,Oxides,
351.0,LiAlTa(PO4)3,10.1039/A807007E,30.0,6.5e-07,NASICON,Oxides,
352.0,Li2.8In1.8Ti0.2(PO4)3,10.1016/0167-2738(86)90183-9,300.0,0.00824,NASICON,,
353.0,LiFeTa(PO4)3,10.1039/A807007E,350.0,0.000335,NASICON,,
354.0,LiCrTa(PO4)3,10.1039/A807007E,61.0,3.16e-07,NASICON,,
355.0,Li1.8Cr0.8Ti1.2(PO4)3,10.1016/0167-2738(88)90291-3,300.0,0.0048,NASICON,,
358.0,Li1.5Cr0.5Ti1.5(PO4)3,10.1149/1.2086597,25.0,0.000391,NASICON,Oxides,
359.0,Li1.6Cr0.6Ti1.4(PO4)3,10.1149/1.2086597,25.0,0.000147,NASICON,Oxides,
360.0,Li1.3Cr0.3Ti1.7 (PO4)3,10.1149/1.2086597,25.0,3.53e-05,NASICON,Oxides,
361.0,Li1.3Cr0.3Ge1.7(PO4)3,10.1016/0167-2738(88)90368-2,25.0,3.69e-05,NASICON,Oxides,
362.0,Li3Al0.4Sc1.6(PO4)3,10.1016/0167-2738(93)90015-U,25.0,1.28e-05,NASICON,Oxides,
363.0,Li1.2Fe0.2Hf1.8(PO4)3,10.1016/0167-2738(93)90387-I,25.0,0.00017,NASICON,Oxides,
364.0,Li1.2In0.2Hf1.8(PO4)3,10.1016/0167-2738(93)90387-I,25.0,0.000132,NASICON,Oxides,
365.0,Li1.3In0.3Hf1.7(PO4)3,10.1016/0167-2738(93)90387-I,25.0,0.000142,NASICON,Oxides,
366.0,Li1.4In0.4Hf1.6(PO4)3,10.1016/0167-2738(93)90387-I,25.0,0.000142,NASICON,Oxides,
367.0,Li1.1Fe0.1Hf1.9(PO4)3,10.1016/0167-2738(93)90387-I,25.0,0.000107,NASICON,Oxides,
368.0,Li1.2Lu0.2Hf1.8(PO4)3,10.1016/0167-2738(93)90387-I,25.0,9.79e-05,NASICON,Oxides,
369.0,Li1.2Y0.2Hf1.8(PO4)3,10.1016/0167-2738(93)90387-I,25.0,3.19e-05,NASICON,Oxides,
370.0,Li1.1Y0.1Hf1.9(PO4)3,10.1016/0167-2738(93)90387-I,25.0,9.18e-05,NASICON,Oxides,
371.0,Li1.2Sc0.2Hf1.8(PO4)3,10.1016/0167-2738(93)90387-I,25.0,5.86e-05,NASICON,Oxides,
372.0,Li1.3Sc0.3Hf1.7(PO4)3,10.1016/0167-2738(93)90387-I,25.0,8.32e-05,NASICON,Oxides,
373.0,Li1.1Lu0.1Hf1.9(PO4)3,10.1016/0167-2738(93)90387-I,25.0,5.88e-05,NASICON,Oxides,
374.0,Li1.4Y0.4Hf1.6(PO4)3,10.1016/0167-2738(93)90387-I,25.0,2.09e-05,NASICON,Oxides,
375.0,Li1.4Sc0.4Hf1.6(PO4)3,10.1016/0167-2738(93)90387-I,25.0,6.17e-05,NASICON,Oxides,
376.0,Li1.3Fe0.3Hf1.7(PO4)3,10.1016/0167-2738(93)90387-I,25.0,5.4e-05,NASICON,Oxides,
377.0,Li1.3Lu0.3Hf1.7(PO4)3,10.1016/0167-2738(93)90387-I,25.0,3.56e-05,NASICON,Oxides,
378.0,Li1.3Y0.3Hf1.7(PO4)3,10.1016/0167-2738(93)90387-I,25.0,3.19e-05,NASICON,Oxides,
379.0,Li1.1Sc0.1Hf1.9(PO4)3,10.1016/0167-2738(93)90387-I,25.0,2.45e-05,NASICON,Oxides,
380.0,Li1.4Lu0.4Hf1.6(PO4)3,10.1016/0167-2738(93)90387-I,25.0,2.06e-05,NASICON,Oxides,
381.0,Li1.1In0.1Hf1.9(PO4)3,10.1016/0167-2738(93)90387-I,25.0,1e-06,NASICON,Oxides,
382.0,Li1.3Cr0.3Hf1.7(PO4)3,10.1016/0167-2738(93)90387-I,25.0,5.26e-07,NASICON,Oxides,
383.0,Li1.2Cr0.2Hf1.8(PO4)3,10.1016/0167-2738(93)90387-I,25.0,2.54e-07,NASICON,Oxides,
384.0,Li1.5Cr0.5Hf1.5(PO4)3,10.1016/0167-2738(93)90387-I,25.0,1.18e-07,NASICON,Oxides,
385.0,Li1.1Cr0.1Hf1.9(PO4)3,10.1016/0167-2738(93)90387-I,25.0,9.35e-08,NASICON,Oxides,
386.0,Li1.3Eu0.3Ti1.7(PO4)3,10.1016/0167-2738(94)90299-2,25.0,6e-05,NASICON,Oxides,
387.0,LiZr2(PO4)3,10.1016/0167-2738(90)90188-W,25.0,3.3e-06,NASICON,Oxides,
388.0,LiHf2(PO4)3,10.1016/B978-0-08-021592-1.50024-6,25.0,3.8e-06,NASICON,Oxides,
389.0,Li1.3Al0.3Ge1.4Ti0.3(PO4)3,10.1016/j.electacta.2005.12.055,227.0,0.0011,NASICON,,
390.0,Li1.15Y0.15Zr1.85(PO4)3,10.1016/j.jpowsour.2013.03.175,25.0,7.1e-05,NASICON,Oxides,
391.0,LiZr2(PO4)3,10.1016/j.jpowsour.2013.03.175,25.0,5e-08,NASICON,Oxides,
392.0,Li0.8Zr1.8Ta0.2(PO4)3,10.1016/0025-5408(77)90161-1,200.0,7.4e-05,NASICON,,
393.0,Li1.3Al0.29Sc0.01Ti1.7(PO4)3,10.1016/j.physb.2016.04.027,140.0,0.000119,NASICON,,
394.0,Li1.3Al0.25Sc0.05Ti1.7(PO4)3,10.1016/j.physb.2016.04.027,140.0,0.000108,NASICON,,
395.0,Li1.3Al0.27Sc0.03Ti1.7(PO4)3,10.1016/j.physb.2016.04.027,140.0,8.47e-05,NASICON,,
396.0,Li1.3Al0.23Sc0.07Ti1.7(PO4)3,10.1016/j.physb.2016.04.027,140.0,7e-05,NASICON,,
397.0,Li1.02Zr1.98Y0.02(PO4)3,10.1016/j.ssi.2003.12.037,25.0,1.15e-07,NASICON,Oxides,
398.0,Li0.9Zr1.9Nb0.1(PO4)3,10.1016/j.ssi.2003.12.037,25.0,1.35e-06,NASICON,Oxides,
399.0,Li0.98Zr1.98Nb0.02(PO4)3,10.1016/j.ssi.2003.12.037,25.0,2.5e-07,NASICON,Oxides,
401.0,Li1.3Al0.2Y0.1Ti1.7(PO4)3,10.1016/j.ssi.2012.05.011,25.0,0.00012,NASICON,Oxides,
402.0,Li1.3Al0.1Y0.2Ti1.7(PO4)3,10.1016/j.ssi.2012.05.011,25.0,7.3e-05,NASICON,Oxides,
403.0,Li1.3Al0.15Y0.15Ti1.7(PO4)3,10.1016/j.ssi.2012.05.011,25.0,1.9e-05,NASICON,Oxides,
404.0,Li1.4Al0.4Ge0.2Ti1.4(PO4)3,10.1016/j.ssi.2013.09.022,25.0,0.00129,NASICON,Oxides,
405.0,Li1.4Al0.4Ge1.2Ti0.4(PO4)3,10.1016/j.ssi.2013.09.022,25.0,0.000343,NASICON,Oxides,
406.0,Li1.4Al0.4Ge1.6(PO4)3,10.1016/j.ssi.2013.09.022,25.0,0.000177,NASICON,Oxides,
407.0,Li2InTi(PO4)3,10.1016/S0167-2738(96)00565-6,25.0,8.3e-06,NASICON,Oxides,
408.0,Li2CrZr(PO4)3,10.1016/S0167-2738(96)00565-6,25.0,5.91e-07,NASICON,Oxides,
409.0,Li2CrTi(PO4)3,10.1016/S0167-2738(96)00565-6,25.0,4.41e-07,NASICON,Oxides,
410.0,Li2FeTi(PO4)3,10.1016/S0167-2738(96)00565-6,25.0,3.34e-07,NASICON,Oxides,
411.0,Li2FeZr(PO4)3,10.1016/S0167-2738(96)00565-6,25.0,1.44e-07,NASICON,Oxides,
412.0,Li2InZr(PO4)3,10.1016/S0167-2738(96)00565-6,25.0,8.22e-08,NASICON,Oxides,
413.0,Li2InHf(PO4)3,10.1016/S0167-2738(96)00565-6,25.0,2.74e-08,NASICON,Oxides,
414.0,Li1.7Fe0.7Hf1.3(PO4)3,10.1016/S0167-2738(98)00207-0,171.0,2.68e-05,NASICON,,
418.0,Li2.9Sc1.9Zr0.1(PO4)3,10.1016/S0925-8388(96)02746-6,150.0,0.00106,NASICON,,
419.0,Li2.9Sc1.9Zr0.1(PO4)3,10.1016/S0925-8388(96)02746-6,273.0,0.0144,NASICON,,
420.0,Li3Sc2(PO4)3,10.1016/S0925-8388(96)02746-6,150.0,3.49e-06,NASICON,,
421.0,Li1.7Al0.7Ge1.3(PO4)3,10.1016/S0955-2219(99)00055-2,25.0,0.00015,NASICON,Oxides,
422.0,Li1.5Al0.5Ge1.5(PO4)3,10.1016/S0955-2219(99)00055-2,25.0,0.00028,NASICON,Oxides,
423.0,Li1.6Al0.6Ge1.4(PO4)3,10.1016/S0955-2219(99)00055-2,25.0,0.00014,NASICON,Oxides,
424.0,Li1.3Al0.3Ge1.7(PO4)3,10.1016/S0955-2219(99)00055-2,25.0,3.9e-05,NASICON,Oxides,
425.0,Li1.7Al0.7Ti1.3(PO4)3,10.1016/S0955-2219(99)00055-2,25.0,3.7e-05,NASICON,Oxides,
426.0,Li1.1Al0.1Ti1.9(PO4)3,10.1016/S0955-2219(99)00055-2,25.0,3e-05,NASICON,Oxides,
427.0,Li1.1Al0.1Ge1.9(PO4)3,10.1016/S0955-2219(99)00055-2,25.0,2.9e-06,NASICON,Oxides,
430.0,Li1.5Al0.5Ti1.5(PO4)3,10.1021/cm010528i,25.0,1.1e-05,NASICON,Oxides,
431.0,Li1.05Al0.05Ti1.95(PO4),10.1021/cm010528i,25.0,1.4e-06,NASICON,Oxides,
432.0,Li1.6Al0.6Ge0.8Ti0.6(PO4)3,10.1021/cm021717j,25.0,0.00011,NASICON,Oxides,
433.0,Li1.4Al0.4Ge1.0Ti0.6(PO4)3,10.1021/cm021717j,25.0,8e-05,NASICON,Oxides,
434.0,Li1.8Al0.8Ge0.8Ti0.4(PO4)3,10.1021/cm021717j,25.0,7e-05,NASICON,Oxides,
435.0,Li1.4Al0.4Ge0.8Ti0.8(PO4)3,10.1021/cm021717j,25.0,6e-05,NASICON,Oxides,
436.0,Li1.6Al0.6Ge1.0Ti0.4(PO4)3,10.1021/cm021717j,25.0,5e-05,NASICON,Oxides,
437.0,Li1.2Al0.2Ge0.8Ti(PO4)3,10.1021/cm021717j,25.0,3e-05,NASICON,Oxides,
438.0,Li1.2Al0.2Ge1.0Ti0.8(PO4)3,10.1021/cm021717j,25.0,3e-05,NASICON,Oxides,
439.0,Li1.8Al0.8Ge1.0Ti0.2(PO4)3,10.1021/cm021717j,25.0,3e-05,NASICON,Oxides,
440.0,Li1.2Ga0.2Ti1.8(PO4)3,10.1021/cm030422i,250.0,6.6e-07,NASICON,,
441.0,LiGe2(PO4)3,10.1021/jp9085602,25.0,7.2e-07,NASICON,Oxides,
446.0,LiCrSb(PO4)3,10.1063/1.2357843,30.0,3.57e-10,NASICON,Oxides,
448.0,LiAlSb(PO4)3,10.1063/1.2357843,30.0,3.17e-08,NASICON,Oxides,
449.0,LiFeSb(PO4)3,10.1063/1.2357843,30.0,1.37e-06,NASICON,Oxides,
451.0,Li1.3Al0.3Ti1.7(PO4)3,10.1149/1.2086597,25.0,0.00216,NASICON,Oxides,
452.0,Li1.3Sc0.3Ti1.7(PO4)3,10.1149/1.2086597,25.0,0.000794,NASICON,Oxides,
453.0,Li1.2Y0.2Ti1.8(PO4)3,10.1149/1.2086597,25.0,0.000504,NASICON,Oxides,
454.0,Li1.4Y0.4Ti1.6(PO4)3,10.1149/1.2096693,25.0,0.00061,NASICON,Oxides,
455.0,Li0.7Al0.3Ti1.7(PO4)3,10.1149/1.2086597,25.0,0.000588,NASICON,Oxides,
456.0,Li1.3Y0.3Ti1.7(PO4)3,10.1149/1.2086597,25.0,0.000554,NASICON,Oxides,
457.0,Li1.2Fe0.2Ti1.8(PO4)3,10.1149/1.2086597,25.0,0.000351,NASICON,Oxides,
458.0,Li1.4Sc0.4Ti1.6(PO4)3,10.1149/1.2086597,25.0,0.000515,NASICON,Oxides,
459.0,Li1.2In0.2Ti1.8(PO4)3,10.1149/1.2086597,25.0,0.000401,NASICON,Oxides,
460.0,Li1.4Fe0.4Ti1.6(PO4)3,10.1149/1.2086597,25.0,0.000386,NASICON,Oxides,
461.0,Li1.4In0.4Ti1.6(PO4)3,10.1149/1.2086597,25.0,0.0003,NASICON,Oxides,
462.0,Li1.5In0.5Ti1.5(PO4)3,10.1149/1.2086597,25.0,0.000204,NASICON,Oxides,
463.0,Li1.5Fe0.5Ti1.5(PO4)3,10.1149/1.2086597,25.0,0.000175,NASICON,Oxides,
464.0,Li1.4Cr0.4Ti1.6(PO4)3,10.1149/1.2086597,25.0,0.00015,NASICON,Oxides,
465.0,Li1.5Y0.5Ti1.5(PO4)3,10.1149/1.2086597,25.0,5.44e-05,NASICON,Oxides,
466.0,Li1.2Cr0.2Ti1.8(PO4)3,10.1149/1.2086597,25.0,1.83e-05,NASICON,Oxides,
467.0,Li1.2La0.2Ti1.8(PO4)3,10.1149/1.2096693,25.0,0.000528,NASICON,Oxides,
468.0,Li1.3La0.3Ti1.7(PO4)3,10.1149/1.2096693,25.0,0.000528,NASICON,Oxides,
469.0,Li1.4La0.4Ti1.6(PO4)3,10.1149/1.2096693,25.0,0.000497,NASICON,Oxides,
470.0,Li1.5La0.5Ti1.5(PO4)3,10.1149/1.2096693,25.0,0.000282,NASICON,Oxides,
471.0,LiSn2(PO4)3,10.1149/1.2220723,25.0,2e-09,NASICON,Oxides,
472.0,Li1.3Sc0.3Ge1.7(PO4)3,10.1246/bcsj.65.2200,25.0,2.98e-05,NASICON,Oxides,
473.0,Li1.5Ga0.5Ge1.5(PO4)3,10.1246/bcsj.65.2200,25.0,0.000117,NASICON,Oxides,
474.0,Li1.3Cr0.3Ge1.7(PO4)3,10.1246/bcsj.65.2200,25.0,2.44e-05,NASICON,Oxides,
475.0,Li1.3Fe0.3Ge1.7(PO4)3,10.1246/bcsj.65.2200,25.0,3.67e-05,NASICON,Oxides,
476.0,Li1.5Sc0.5Ge1.5(PO4)3,10.1246/bcsj.65.2200,25.0,2.51e-05,NASICON,Oxides,
477.0,Li1.7Fe0.7Ge1.3(PO4)3,10.1246/bcsj.65.2200,25.0,2.37e-05,NASICON,Oxides,
478.0,Li1.7Ga0.7Ge1.3(PO4)3,10.1246/bcsj.65.2200,25.0,2.43e-05,NASICON,Oxides,
479.0,Li1.3In0.3Ge1.7(PO4)3,10.1246/bcsj.65.2200,25.0,9.22e-06,NASICON,Oxides,
480.0,Li1.5In0.5Ge1.5(PO4)3,10.1246/bcsj.65.2200,25.0,5.75e-06,NASICON,Oxides,
481.0,Li1.45Al0.45Ge0.2Ti1.35(PO4)3,10.3389/fenrg.2016.00012,25.0,0.00101,NASICON,Oxides,
482.0,Li1.40Al0.4Ge0.2Ti1.4(PO4)3,10.3389/fenrg.2016.00012,25.0,0.001,NASICON,Oxides,
483.0,Li1.50Al0.50Ge0.2Ti1.3(PO4)3,10.3389/fenrg.2016.00012,25.0,0.000737,NASICON,Oxides,
484.0,Li1.35Al0.35Ge0.2Ti1.45(PO4)3,10.3389/fenrg.2016.00012,25.0,0.000618,NASICON,Oxides,
485.0,Li1.55Al0.55Ge0.2Ti1.25(PO4)3,10.3389/fenrg.2016.00012,25.0,7.02e-05,NASICON,Oxides,
486.0,Li1.45Al0.45Ti1.55(PO4),10.5796/electrochemistry.82.870,25.0,0.00029,NASICON,Oxides,
487.0,Li1.5Mg2.5V0.5Mo2.5O12,10.1016/j.jssc.2010.08.042,440.0,1e-06,Lysonite,,
488.0,Li7Ge3PS12,10.1016/j.jssc.2016.12.001,25.0,0.00011,Thio-LISICON,Sulphides,
489.0,Li3.2PO3.1N0.7,10.1016/j.ssi.2005.10.021,25.0,5e-07,LISICON,Oxides and Other Anions,
491.0,Li2TiO3,10.1016/j.ssi.2006.11.002,186.0,3.52e-08,Rocksalt,,
492.0,Li1.9Mg0.1TiO3.05,10.1016/j.ssi.2008.03.001,600.0,0.00107,Rocksalt,,
493.0,Li1.9Mg0.1TiO3.05,10.1016/j.ssi.2008.03.001,300.0,1.2e-05,Rocksalt,,
495.0,LiFePO4 ,10.1016/j.ssi.2008.06.028,30.0,1.1e-09,Olivine,Oxides,
496.0,Li1.3Al0.3Ti1.7(PO4)3,10.1016/S0955-2219(99)00055-2,25.0,0.003,NASICON,Oxides,
497.0,Li6PS5Cl,10.1016/j.ssi.2012.06.008,150.58,0.0214,Argyrodite,,
498.0,Li6PS5Cl,10.1016/j.ssi.2012.06.008,50.47,0.00132,Argyrodite,,
499.0,Li6PS5Cl,10.1016/j.ssi.2012.06.008,25.36,0.000537,Argyrodite,Sulphides and Other Anions,
500.0,Li6PS5Cl,10.1016/j.ssi.2012.06.008,18.82,0.000376,Argyrodite,Sulphides and Other Anions,
502.0,Li4P2S6,10.1016/j.ssi.2015.10.015,25.0,2.57e-07,Glass,Sulphides,
504.0,Li3OBr,10.1016/j.ssi.2015.11.027,25.0,1.06e-06,Anti-Perovskite,Oxides and Other Anions,
505.0,"""(Li2O)50((SeO2)0.5 (B2O3)0.5)50""",10.1016/S0167-2738(02)00137-6,27.0,7.54e-07,Glass,Oxides,
507.0,(YPO4)0.8(Li3PO4)0.2,10.1016/0167-2738(89)90457-8,867.0,0.275,Zircon,,
508.0,(YPO4)0.9(Li3PO4)0.1,10.1016/0167-2738(89)90457-8,873.0,0.135,Zircon,,
509.0,(YPO4)0.7(Li3PO4)0.3,10.1016/0167-2738(89)90457-8,791.0,0.0682,Zircon,,
510.0,(YPO4)0.8(Li3PO4)0.2,10.1016/0167-2738(89)90457-8,585.0,0.0374,Zircon,,
511.0,(YPO4)0.8(Li3PO4)0.2,10.1016/0167-2738(89)90457-8,486.0,0.00537,Zircon,,
512.0,(YPO4)0.7(Li3PO4)0.3,10.1016/0167-2738(89)90457-8,598.96,0.00387,Zircon,,
513.0,(YPO4)0.9(Li3PO4)0.1,10.1016/0167-2738(89)90457-8,400.0,0.000121,Zircon,,
515.0,(YPO4)0.5(Li3PO4)0.5,10.1016/0167-2738(89)90457-8,523.93,0.000245,Zircon,,
516.0,(YPO4)0.7(Li3PO4)0.3,10.1016/0167-2738(89)90457-8,485.26,0.000213,Zircon,,
517.0,(YPO4)0.5(Li3PO4)0.5,10.1016/0167-2738(89)90457-8,437.38,1.78e-05,Zircon,,
518.0,(YPO4)0.7(Li3PO4)0.3,10.1016/0167-2738(89)90457-8,397.77,1.09e-05,Zircon,,
525.0,LiGaSiO4,10.1016/0167-2738(87)90048-8,564.29,1.58e-06,Phenakite,,
526.0,Li0.68Ga0.68Si2.33O6,10.1016/0167-2738(87)90048-8,276.0,8.19e-07,Phenakite,,
527.0,Li0.96Ga0.96Si2.04O6,10.1016/0167-2738(87)90048-8,260.0,6.32e-07,Phenakite,,
528.0,LiGaSiO4,10.1016/0167-2738(87)90048-8,475.75,2.8e-07,Phenakite,,
529.0,Li0.68Ga0.68Si2.33O6,10.1016/0167-2738(87)90048-8,216.18,7.26e-08,Phenakite,,
530.0,Li0.96Ga0.96Si2.04O6,10.1016/0167-2738(87)90048-8,208.82,7.26e-08,Phenakite,,
531.0,Li0.96Ga0.96Si2.04O6,10.1016/0167-2738(87)90048-8,178.14,1.78e-08,Phenakite,,
532.0,LiGaSiO4,10.1016/0167-2738(87)90048-8,341.15,1.35e-08,Phenakite,,
533.0,LiGaSiO4,10.1016/0167-2738(87)90048-8,312.92,5.7e-09,Phenakite,,
534.0,LiTi2P3O12,10.1016/0167-2738(94)90332-8,30.0,4e-07,NASICON,Oxides,
535.0,LiZr2P3O12,10.1016/0167-2738(94)90332-8,30.0,5e-08,NASICON,Oxides,
536.0,Li2InTi(PO4)3,10.1016/S0167-2738(96)00565-6,200.0,0.00122,NASICON,,
537.0,Li1.6Al0.6Ge1.4 (PO4)3,10.1016/S0167-2738(97)00434-7,25.0,0.00038,Glass-Ceramic,Oxides,
539.0,Li6.25PS5.25Cl0.75,10.1016/j.apsusc.2019.07.041,25.0,0.014,Argyrodite,Sulphides and Other Anions,
540.0,Li3.8Ge0.8P0.2O4,10.1021/acs.chemmater.8b01504,30.0,1.03e-06,LISICON,Oxides,
541.0,Li3PO4,10.1021/acs.chemmater.8b01504,30.0,1.75e-13,LISICON,Oxides,
542.0,Li3VO4,10.1021/acs.chemmater.8b01504,30.0,9.2e-14,LISICON,Oxides,
543.0,Li3.2Ge0.2P0.8O4,10.1021/acs.chemmater.8b01504,30.0,1.14e-06,LISICON,Oxides,
544.0,Li3V0.6P0.4O4,10.1021/acs.chemmater.8b01504,30.0,3.55e-13,LISICON,Oxides,
546.0,Li3P0.2V0.8O4,10.1021/acs.chemmater.8b01504,30.0,1.31e-13,LISICON,Oxides,
547.0,Li3.6Ge0.6P0.4O4,10.1021/acs.chemmater.8b01504,30.0,1.1e-05,LISICON,Oxides,
548.0,Li3.4Ge0.4P0.6O4,10.1021/acs.chemmater.8b01504,30.0,4.5e-06,LISICON,Oxides,
549.0,Li3.2Ge0.2V0.8O4,10.1021/acs.chemmater.8b01504,30.0,1.9e-05,LISICON,Oxides,
550.0,Li3.6Ge0.6V0.4O4,10.1021/acs.chemmater.8b01504,30.0,3.19e-05,LISICON,Oxides,
551.0,Li3.8Ge0.8V0.2O4,10.1021/acs.chemmater.8b01504,30.0,2.71e-06,LISICON,Oxides,
553.0,Li3.4Ge0.4V0.6O4,10.1021/acs.chemmater.8b01504,30.0,8.89e-07,LISICON,Oxides,
554.0,Li3P0.6V0.4O4,10.1021/acs.chemmater.8b01504,30.0,3.2e-13,LISICON,Oxides,
555.0,Li4GeO4,10.1021/acs.chemmater.8b01504,30.0,1.3e-12,LISICON,Oxides,
556.0,Li3P0.8V0.2O4,10.1021/acs.chemmater.8b01504,30.0,2.05e-13,LISICON,Oxides,
561.0,Li6PS5Br,10.1021/acsaem.8b00280,25.0,0.00019,Argyrodite,Sulphides and Other Anions,
564.0,Li4Al0.33Si0.33P0.33O4,10.1021/acsami.6b14402,249.0,0.00471,LISICON,,
565.0,Li4Al0.33Si0.17Ge0.17P0.33O4,10.1021/acsami.6b14402,215.0,0.00353,LISICON,,
566.0,Li4Al0.33Si0.17Ge0.17P0.33O4,10.1021/acsami.6b14402,47.0,3.93e-06,LISICON,,
567.0,Li4.25Si0.75Al0.25O4,10.1021/acsami.6b14402,242.0,0.00088,LISICON,,
568.0,Li3.75Si0.75P0.25O4,10.1021/acsami.6b14402,228.73,0.000239,LISICON,,
569.0,Li4Al0.33Si0.33P0.33O4,10.1021/acsami.6b14402,125.29,0.000198,LISICON,,
570.0,Li3.75Si0.75P0.25O4,10.1021/acsami.6b14402,149.36,2.91e-05,LISICON,,
571.0,Li4Al0.33Si0.33P0.33O4,10.1021/acsami.6b14402,76.66,1.93e-05,LISICON,,
572.0,Li4.25Si0.75Al0.25O4,10.1021/acsami.6b14402,124.96,6.37e-06,LISICON,,
573.0,Li3.75Si0.75P0.25O4,10.1021/acsami.6b14402,100.96,5.03e-06,LISICON,,
574.0,Li3.75Si0.75P0.25O4,10.1021/acsami.6b14402,75.47,2.46e-06,LISICON,,
575.0,Li4.25Si0.75Al0.25O4,10.1021/acsami.6b14402,74.28,2.88e-07,LISICON,,
576.0,Li4.25Si0.75Al0.25O4,10.1021/acsami.6b14402,50.34,4.1e-08,LISICON,,
577.0,Li4SiO4,10.1021/acsami.6b14402,228.21,8.36e-06,Other,,
578.0,Li4Al0.33Si0.33P0.33O4,10.1021/acsami.6b14402,50.64,4.75e-06,Other,,
579.0,Li4SiO4,10.1021/acsami.6b14402,176.36,1.35e-06,Other,,
580.0,Li4SiO4,10.1021/acsami.6b14402,100.52,3.11e-08,Other,,
581.0,Li4SiO4,10.1021/acsami.6b14402,75.02,5.66e-09,Other,,
582.0,Li6PS5I,10.1007/s10008-011-1572-8,25.0,0.00063,Argyrodite,Sulphides and Other Anions,
583.0,Li5PS4(BH4)2,10.1021/acsomega.8b00377,50.0,0.005,Argyrodite,,
584.0,Li5PS4(BH4)2,10.1021/acsomega.8b00377,25.0,0.00796,Argyrodite,Sulphides and Other Anions,
585.0,"""(Li2S)0.75 (P2S5)0.25""",10.1021/acsomega.8b00377,44.2,0.0003,Other,,
586.0,"""(Li2S)0.75 (P2S5)0.25""",10.1021/acsomega.8b00377,34.76,0.000605,Glass,Sulphides,
587.0,LiBH4,10.1021/acsomega.8b00377,27.0,9.89e-08,Other,Other,
588.0,LiBH4,10.1021/acsomega.8b00377,39.83,7.96e-08,Other,,
589.0,"""(Li2S)0.75 (P2S5)0.25""",10.1021/acsomega.8b00377,26.29,0.000181,Glass,Sulphides,
591.0,Li0.245La0.592Ti0.98Mn0.02O3,10.1006/jssc.1998.7904,25.0,0.001,Perovskite,Oxides,
592.0,La0.55Li0.36Ti0.995Al0.005O3,10.1007/BF02375549,25.0,0.0011,Perovskite,Oxides,
593.0,La0.54Li0.36TiO3,10.1007/BF02375549,25.0,0.00089,Perovskite,Oxides,
594.0,La0.51Li0.36Ti0.95W0.05O3,10.1007/BF02375549,25.0,0.00073,Perovskite,Oxides,
595.0,La0.56Li0.36Ti0.95Al0.05O3,10.1007/BF02375549,25.0,0.00064,Perovskite,Oxides,
596.0,La0.55Li0.36Ti0.95Ge0.05O3,10.1007/BF02375549,25.0,0.00036,Perovskite,Oxides,
597.0,La0.58Li0.36Ti0.95Mg0.05O3,10.1007/BF02375549,25.0,0.00021,Perovskite,Oxides,
598.0,La0.55Li0.36Ti0.95Mn0.05O3,10.1007/BF02375549,25.0,0.00019,Perovskite,Oxides,
599.0,La0.55Li0.36Ti0.95Ru0.05O3,10.1007/BF02375549,25.0,5.2e-05,Perovskite,Oxides,
600.0,LiCa1.65Ti1.3Ta1.7O9,10.1007/BF02708781,300.0,1e-05,Perovskite,,
601.0,LiSr1.65Ti2.15W0.85O9,10.1007/BF02708781,300.0,0.00016,Perovskite,,
602.0,LiCa1.65Ti1.3Nb1.7O9,10.1007/BF02708781,215.0,8.56e-07,Perovskite,,
603.0,Li0.34La0.51TiO2.94,10.1016/0038-1098(93)90841-A,27.0,0.00102,Perovskite,Oxides,
604.0,(La0.5Li0.5)TiO3,10.1016/0167-2738(94)90309-3,25.0,0.001,Perovskite,Oxides,
605.0,Sm0.52Li0.38TiO2.97,10.1016/0167-2738(94)90310-7,25.0,0.0015,Perovskite,Oxides,
606.0,Li0.10La0.63TiO3,10.1016/0167-2738(94)90309-3,27.0,7.9e-05,Perovskite,Oxides,
607.0,(La0.5Li0.5)0.75(La0.5Na0.5)0.25TiO3,10.1016/0167-2738(94)90309-3,402.0,2e-05,Perovskite,Oxides,
608.0,(La0.5Li0.5)0.75(La0.5Na0.5)0.25TiO3,10.1016/0167-2738(94)90309-3,27.0,0.000158,Perovskite,Oxides,
609.0,Sm0.52Li0.38TiO2.97,10.1016/0167-2738(94)90310-7,126.0,1.1e-07,Perovskite,,
610.0,Li0.34Pr0.56TiO3,10.1016/0167-2738(94)90310-7,25.0,1e-06,Perovskite,Oxides,
611.0,Nd0.55Li0.34TiO3,10.1016/0167-2738(94)90310-7,25.0,8e-08,Perovskite,Oxides,
612.0,Li0.5(La0.4Nd0.1)TiO3,10.1016/S0167-2738(97)00015-5,25.0,0.001,Perovskite,Oxides,
613.0,Li0.34La0.56TiO3,10.1016/S0167-2738(98)00070-8,25.0,0.00153,Perovskite,Oxides,
614.0,Li0.34La0.56TiO3,10.1016/S0167-2738(98)00070-8,25.0,0.000688,Perovskite,Oxides,
615.0,Nd0.25Li0.25TaO3,10.1016/S0167-2738(98)00414-7,25.0,1.91e-06,Perovskite,Oxides,
616.0,Sm0.25Li0.25TaO3,10.1016/S0167-2738(98)00414-7,125.0,7.3e-06,Perovskite,,
617.0,Li0.25La0.25TaO3,10.1016/S0167-2738(98)00414-7,25.0,0.000366,Perovskite,Oxides,
618.0,Y0.25Li0.25TaO3,10.1016/S0167-2738(98)00414-7,147.0,4.39e-09,Perovskite,,
619.0,Li0.5Sr0.5Cr0.25Ta0.75O3,10.1016/S0378-7753(97)02645-1,25.0,6.31e-05,Perovskite,Oxides,
620.0,Li0.5Sr0.5Fe0.25Ta0.75O3,10.1016/S0378-7753(97)02645-1,25.0,0.000126,Perovskite,Oxides,
628.0,Li0.5Sr0.5Cr0.25Ta0.75O3,10.1016/S0378-7753(97)02645-1,75.0,0.000355,Perovskite,Oxides,
629.0,Li0.5Sr0.5Fe0.25Ta0.75O3,10.1016/S0378-7753(97)02645-1,75.0,0.000661,Perovskite,Oxides,
632.0, La0.29Li0.12NbO3,10.1016/S0167-2738(98)00266-5,25.0,4.25e-05,Other,Oxides,
633.0,La0.283Li0.15NbO3,10.1016/S0167-2738(98)00266-5,25.0,3.85e-05,Other,Oxides,
634.0,La0.273Li0.18NbO3,10.1016/S0167-2738(98)00266-5,25.0,3.82e-05,Other,Oxides,
635.0,La0.303Li0.09NbO3,10.1016/S0167-2738(98)00266-5,25.0,3.52e-05,Other,Oxides,
636.0,La0.313Li0.06NbO3,10.1016/S0167-2738(98)00266-5,25.0,2.33e-05,Other,Oxides,
637.0,Li0.1Sr0.8Ti0.7Nb0.3O3,10.1149/1.1629102,25.0,1e-08,Perovskite,Oxides,
638.0,Li0.3Sr0.6Ti0.20Fe0.30Ta0.5O3,10.1149/1.1629102,25.0,1e-07,Perovskite,Oxides,
639.0,Li0.3Sr0.6Ti0.35Fe0.15Ta0.5O3,10.1149/1.1629102,25.0,2.8e-05,Perovskite,Oxides,
640.0,Li0.3Sr0.6Ti0.40Fe0.10Ta0.5O3,10.1149/1.1629102,25.0,3.6e-05,Perovskite,Oxides,
641.0,Li0.3Sr0.6Ti0.45Fe0.05Ta0.5O3,10.1149/1.1629102,30.0,6e-05,Perovskite,Oxides,
642.0,Li0.3Sr0.6Ti0.5Ta0.5O3,10.1149/1.1629102,30.0,0.00017,Perovskite,Oxides,
643.0,Li0.3Sr0.6Ti0.5Nb0.5O3,10.1149/1.1629102,30.0,5.4e-06,Perovskite,Oxides,
644.0,Li0.25La0.41Sr0.25TiO3,10.1021/cm020609u,25.0,7.64e-05,Perovskite,Oxides,
645.0,Li0.15La0.51Sr0.15TiO3,10.1021/cm020609u,25.0,5.3e-05,Perovskite,Oxides,
646.0,LiCaTiNbO6,10.1021/cm9810382,208.0,1e-07,Perovskite,,
647.0,LiSrTiTaO6,10.1021/cm9810382,25.0,0.00055,Perovskite,Oxides,
648.0,LiSr1.65Ti1.3Ta1.7O9,10.1021/cm9810382,25.0,4.9e-05,Perovskite,Oxides,
649.0,LiSr1.65Ti1.3Nb1.7O9,10.1021/cm9810382,25.0,2e-05,Perovskite,Oxides,
650.0,LiSr1.65Zr1.3Ta1.7O9,10.1021/cm9810382,25.0,1.3e-05,Perovskite,Oxides,
651.0,LiSr2Ti2TaO9,10.1021/cm9810382,30.0,3.2e-05,Perovskite,Oxides,
652.0,LiSr2Ti2NbO9,10.1021/cm9810382,25.0,1e-06,Perovskite,Oxides,
653.0,LiSrTiNbO6,10.1021/cm9810382,25.0,1e-06,Perovskite,Oxides,
654.0,LiBa2Ti2NbO9,10.1021/cm9810382,30.0,1e-07,Perovskite,Oxides,
655.0,Li0.067La0.64TiO2.99,10.1016/0167-2738(94)90309-3,27.0,7.9e-05,Perovskite,Oxides,
656.0,Li0.25La0.66Ti0.75Al0.25O3,10.1021/cm011149s,25.0,7.66e-05,Perovskite,Oxides,
657.0,Li0.20La0.66Ti0.80Al0.20O3,10.1021/cm011149s,25.0,4.28e-05,Perovskite,Oxides,
658.0,Li0.30La0.66Ti0.70Al0.30O3,10.1021/cm011149s,25.0,1.72e-05,Perovskite,Oxides,
659.0,Li0.15La0.66Ti0.85Al0.15O3,10.1021/cm011149s,25.0,9.66e-06,Perovskite,Oxides,
660.0,Li0.10La0.66Ti0.90Al0.10O3,10.1021/cm011149s,27.0,7.34e-06,Perovskite,Oxides,
661.0,Li0.06La0.66Ti0.93Al0.06O3,10.1021/cm011149s,27.0,1.68e-06,Perovskite,Oxides,
662.0,Li0.27La0.59TiO3 ,10.2109/jcersj.105.548,127.0,0.0141,Perovskite,Oxides,
663.0,Li0.27La0.59TiO3,10.2109/jcersj.105.548,25.0,0.00058,Perovskite,Oxides,
664.0,Li3O(Cl0.5Br0.5),10.1021/ja305709z,253.0,0.00301,Anti-Perovskite,,
665.0,Li3O(Cl0.5Br0.5),10.1021/ja305709z,260.76,0.0193,Anti-Perovskite,,
666.0,Li3O(Cl0.5Br0.5),10.1021/ja305709z,171.78,0.00398,Anti-Perovskite,,
667.0,Li3OCl,10.1021/ja305709z,253.44,0.00354,Anti-Perovskite,,
668.0,Li3O(Cl0.5Br0.5),10.1021/ja305709z,90.59,0.00158,Anti-Perovskite,,
669.0,Li3O(Cl0.5Br0.5),10.1021/ja305709z,29.61,0.000938,Anti-Perovskite,Oxides and Other Anions,
670.0,Li3OCl,10.1021/ja305709z,150.88,0.000902,Anti-Perovskite,,
671.0,Li3OCl,10.1021/ja305709z,90.16,0.000419,Anti-Perovskite,,
672.0,Li3OCl,10.1021/ja305709z,30.51,0.000141,Anti-Perovskite,Oxides and Other Anions,
673.0,Li10SnP2S12,10.1021/ja407393y,25.0,0.004,Thio-LISICON,Sulphides,
675.0,Li10GeP2S12,10.1038/nmat3066,25.0,0.012,Thio-LISICON,Sulphides,
676.0,Li1.2Ta0.9Al1.1P3O12,10.1039/A807007E,350.0,0.012,NASICON,,
677.0,LiTaAlP3O12,10.1039/A807007E,350.0,0.01,NASICON,,
680.0,LiSrTiTaO6,10.1021/cm9810382,360.0,0.063,Perovskite,Oxides,
681.0,LiSr1.65Ti1.3Ta1.7O9,10.1021/cm9810382,360.0,0.114,Perovskite,Oxides,
682.0,LiSr2Ti2TaO9,10.1021/cm9810382,360.0,0.0032,Perovskite,Oxides,
683.0,Li0.36La0.55TiO3,10.1021/cm9810382,30.0,2e-05,Perovskite,Oxides,
684.0,LiSr1.65Ti1.3Nb1.7O9,10.1021/cm9810382,360.0,0.042,Perovskite,Oxides,
685.0,LiSr1.65Zr1.3Ta1.7O9,10.1021/cm9810382,360.0,0.042,Perovskite,Oxides,
686.0,LiSr2Ti2NbO9,10.1021/cm9810382,205.0,3.35e-05,Perovskite,,
687.0,LiBa2Ti2NbO9,10.1021/cm9810382,102.0,1e-06,Perovskite,,
688.0,LiCaTiNbO6,10.1021/cm9810382,205.0,1.03e-07,Perovskite,,
689.0,LiSr2Ti2NbO9,10.1021/cm9810382,100.0,3.47e-06,Perovskite,,
690.0,LiCa2Ti2NbO9,10.1021/cm9810382,300.0,1.89e-07,Perovskite,,
691.0,Li3Cr(MoO4)3,10.1039/B301189e,600.0,0.0039,LISICON,,
692.0,Li2Mg2(MoO4)3,10.1039/B301189e,600.0,0.00233,Lysonite,,
693.0,Li3Fe(MoO4)3,10.1039/B301189e,600.0,0.0014,Lysonite,,
694.0,Li3Cr(MoO4)3,10.1039/B301189e,300.0,2.6e-06,Lysonite,,
695.0,Li3Fe(MoO4)3,10.1039/B301189e,300.0,6.6e-07,Lysonite,,
696.0,Li2Mg2(MoO4)3,10.1039/B301189e,276.0,3.16e-08,Lysonite,,
697.0,Li1.5Hf1.5Al0.5P3O12,10.1016/j.ssi.2005.07.010,25.0,0.00011,NASICON,Oxides,
698.0,"""(Li2S)70 (P2S5)30""",10.1039/C3EE41655K,25.0,0.017,Glass-Ceramic,Sulphides,
699.0,Li11AlP2S12,10.1039/C6CC02131J,25.0,0.000802,Thio-LISICON,Sulphides,
700.0,Li6BaLa2Ta2O12,10.1002/adfm.200400044,25.0,4e-05,Garnet,Oxides,
701.0,Li5NI2,10.1002/anie.198000741,25.0,1.5e-07,Other,Halides,
703.0,Li6NiBr3,10.1002/zaac.19875531020,25.0,1.5e-07,Rocksalt,Halides,
704.0,Li4SiO4,10.1016/0025-5408(76)90235-X,25.0,2e-10,LISICON,Oxides,
705.0,Li4GeO4,10.1016/0025-5408(76)90235-X,25.0,3.1e-12,LISICON,Oxides,
706.0,Li2Ge7O15,10.1016/0025-5408(76)90235-X,25.0,5e-16,Other,Oxides,
707.0,Li3.5Ge0.5V0.5O4,10.1016/0025-5408(80)90249-4,25.0,7e-05,LISICON,Oxides,
708.0,LiI,10.1016/0167-2738(81)90020-5,25.0,2.8e-08,Rocksalt,Halides,
709.0,Li3PS4,10.1016/0167-2738(84)90097-3,103.0,1.09e-05,Other,,
710.0,Li3P,10.1016/0167-2738(89)90438-4,25.0,0.001,Other,Other,
711.0,LiAlSiO4,10.1016/0375-9601(75)90788-4,500.0,0.004,NASICON,,
712.0,Li3Sc2P3O12,10.1016/j.materresbull.2007.08.007,25.0,1e-10,NASICON,Oxides,
713.0,Li5La3Bi2O12,10.1016/j.ssi.2017.03.030,25.0,2e-05,Garnet,Oxides,
714.0,LiLa(TiO3)2,10.1016/S0167-2738(00)00761-X,25.0,0.001,Perovskite,Oxides,
716.0,Li3VO4,10.1016/S0924-0136(01)01044-5,25.0,1.67e-06,LISICON,Oxides,
717.0,Li7P3S11,10.1021/acs.chemmater.7b04842,25.0,0.000863,Thio-LISICON,Sulphides,
718.0,Li4BN3H10,10.1021/Ja907249p,25.0,0.0002,Other,Other,
719.0,LiBH4,10.1021/ja907249p,40.0,4e-08,Other,,
721.0,Li10Ge(PS6)2,10.1038/nmat3066,86.61,0.0794,Thio-LISICON,Sulphides,
722.0,Li2NH,10.1039/c2cp23636b,25.0,0.000254,Other,Other,
723.0,Li2Ca(NH)2,10.1039/c2cp23636b,25.0,6.4e-06,Other,Other,
725.0,Li3N,10.1039/C0EE00052C,25.0,0.000575,Other,Other,
726.0,Li13.6Si2.8S1.2O16,10.1016/0013-4686(77)80035-2,25.0,6e-07,LISICON,Oxides,
727.0,LiAlH4,10.1063/1.3356981,25.0,2e-09,Other,Other,
730.0,Li4B7O12Cl,10.1107/S0567740877009443,25.0,1e-07,Other,Oxides and Other Anions,
731.0,Li10.35Si1.35P1.65S12,10.1107/S2052520615022283,25.0,0.0065,Thio-LISICON,Sulphides,
732.0,Li9.81Sn0.81P2.19S12,10.1107/S2052520615022283,25.0,0.0055,Thio-LISICON,Sulphides,
733.0,Li5La3Nb2O12,10.1111/j.1151-2916.2003.tb03318.x,15.0,8e-06,Garnet,Oxides,
734.0,Li5La3Ta2O12,10.1111/j.1151-2916.2003.tb03318.x,393.0,0.0166,Garnet,Oxides,
735.0,Li14ZnGe4O16,10.1149/1.2119778,25.0,1e-06,LISICON,Oxides,
736.0,Li3Fe2P3O12,10.1016/0167-2738(90)90442-T,100.0,1.42e-06,Glass-Ceramic,,
737.0,Li6FeCl8,10.1002/zaac.19875531020,100.0,2.2e-06,Rocksalt,,
738.0,Li2.88PO3.73N0.14,10.1006/jssc.1995.1140,25.0,1.4e-13,LISICON,Oxides,
743.0,Li6.35P0.65Si0.35S5Br,10.1039/c7ta08581h,25.0,0.0023,Argyrodite,Sulphides and Other Anions,
744.0,Li6.50P0.50Si0.50S5Br,10.1039/c7ta08581h,25.0,0.0023,Argyrodite,Sulphides and Other Anions,
745.0,Li6.20P0.80Si0.20S5Br,10.1039/c7ta08581h,25.0,0.00198,Argyrodite,Sulphides and Other Anions,
746.0,Li6.30P0.70Si0.30S5Br,10.1039/c7ta08581h,25.0,0.00183,Argyrodite,Sulphides and Other Anions,
747.0,Li6.25P0.75Si0.25S5Br,10.1039/c7ta08581h,25.0,0.0015,Argyrodite,Sulphides and Other Anions,
748.0,Li6.12P0.90Si0.12S5Br,10.1039/c7ta08581h,25.0,0.0009,Argyrodite,Sulphides and Other Anions,
749.0,Li6.22P0.78Si0.22S5Br,10.1039/c7ta08581h,25.0,0.00108,Argyrodite,Sulphides and Other Anions,
750.0,Li6.17P0.83Si0.17S5Br,10.1039/c7ta08581h,25.0,0.000929,Argyrodite,Sulphides and Other Anions,
751.0,Li6.13P0.87Si0.13S5Br,10.1039/c7ta08581h,25.0,0.000901,Argyrodite,Sulphides and Other Anions,
752.0,Li6.08P0.92Si0.08S5Br,10.1039/c7ta08581h,25.0,0.000864,Argyrodite,Sulphides and Other Anions,
753.0,Li6.02P0.98Si0.02S5 Br,10.1039/c7ta08581h,25.0,0.000874,Argyrodite,Sulphides and Other Anions,
754.0,Li6.10P0.90Si0.10S5Br,10.1039/c7ta08581h,25.0,0.000805,Argyrodite,Sulphides and Other Anions,
755.0,Li6PS5Br,10.1039/c7ta08581h,25.0,0.000694,Argyrodite,Sulphides and Other Anions,
756.0,Li6.05P0.95Si0.05S5Br,10.1039/c7ta08581h,25.0,0.000441,Argyrodite,Sulphides and Other Anions,
759.0,Li6BaLa2Ta2O12 ,10.1002/adfm.200400044,22.0,4e-05,Garnet,Oxides,
760.0,Li6SrLa2Ta2O12,10.1002/adfm.200400044,22.0,7e-06,Garnet,Oxides,
762.0,Li3.6Si0.6P0.4S4,10.1006/jssc.2002.9701,25.0,7.76e-05,Thio-LISICON,Sulphides,
763.0,Li4.8Si0.2Al0.8S4,10.1006/jssc.2002.9701,291.0,0.00366,Thio-LISICON,,
764.0,Li4SiS4,10.1016/0025-5408(89)90053-6,25.0,4.93e-08,Thio-LISICON,Sulphides,
765.0,Li2SiS3,10.1016/0025-5408(89)90053-6,25.0,2e-06,Thio-LISICON,Sulphides,
766.0,Li3PS4 ,10.1016/0167-2738(84)90097-3,181.0,0.000158,Thio-LISICON,,
768.0,Li7.06La3Y0.06Zr1.94O12 ,10.1016/j.elecom.2011.08.014,127.0,0.00527,Garnet,Oxides,
769.0,Li6.75La3Zr1.75Nb0.25O12 ,10.1016/j.jpowsour.2010.11.089,25.0,0.0008,Garnet,Oxides,
770.0,Li7La3Zr1.89Al0.15O12 ,10.1016/j.jpowsour.2013.03.049,25.0,0.00034,Garnet,Oxides,
771.0,Li6.75La3Zr1.875Te0.125O12 ,10.1016/j.jpowsour.2013.03.166,30.0,3.77e-05,Garnet,Oxides,
772.0,Li10Ge0.95Si0.05P2S12,10.1016/j.jpowsour.2014.07.159,25.0,0.0086,Thio-LISICON,Sulphides,
773.0,Li5.5La3Nb1.75In0.25O12 ,10.1016/j.jssc.2005.12.025,25.0,2.4e-05,Garnet,Oxides,
774.0,Li5.5La2.75K0.25Nb2O12 ,10.1016/j.jssc.2005.12.025,25.0,1.06e-05,Garnet,Oxides,
775.0,Li7La3Zr2O12 ,10.1016/j.jssc.2009.05.020,27.0,1.52e-06,Garnet,Oxides,
776.0,Li7La3Hf2O12,10.1016/j.jssc.2009.10.030,27.0,9.73e-07,Garnet,Oxides,
777.0,Li6.25La3Zr2Ga0.25O12,10.1016/j.matchemphys.2012.03.054,25.0,0.00035,Garnet,Oxides,
778.0,Li7P3S11,10.1016/j.ssi.2006.04.017,25.0,0.0032,Thio-LISICON,Sulphides,
779.0,Li2.2Zn0.1Zr0.9S3,10.1016/j.ssi.2008.01.055,30.0,0.00012,Thio-LISICON,Sulphides,
780.0,Li3.9Zn0.05GeS4,10.1016/S0167-2738(00)00277-0,300.0,0.00411,Thio-LISICON,,
781.0,Li4GeS4,10.1016/S0167-2738(00)00277-0,25.0,2.51e-07,Thio-LISICON,Sulphides,
782.0,Li4.275Ge0.61Ga0.25S4,10.1016/S0167-2738(00)00277-0,150.0,0.00243,Thio-LISICON,,
783.0,Li4P2S6,10.1021/acs.chemmater.6b04175,25.0,1.6e-10,Thio-LISICON,Sulphides,
784.0,Li4PS4I,10.1021/acs.chemmater.7b00013,25.0,6.26e-05,Argyrodite,Sulphides and Other Anions,
785.0,Li6.6La2.75Y0.25Zr1.6Ta0.4O12,10.1021/am503731h,27.0,0.000436,Garnet,Oxides,
786.0,Li6.6La2.875Y0.125Zr1.6Ta0.4O12 ,10.1021/am503731h,27.0,0.000317,Garnet,Oxides,
787.0,Li6.6La2.5Y0.5Zr1.6Ta0.4O12 ,10.1021/am503731h,27.0,0.000226,Garnet,Oxides,
788.0,Li3Nd3Te2O12,10.1021/cm060992t,600.0,1e-05,Garnet,,
789.0,Li4SnS4,10.1021/cm3011315,25.0,7e-05,Thio-LISICON,Sulphides,
790.0,Li6.4La3Zr2Ga0.2O12 ,10.1021/cm5008069,24.0,0.0009,Garnet,Oxides,
791.0,Li2SnS3,10.1021/cm5037524,25.0,1.36e-05,Rocksalt,Sulphides,
792.0,Li3PS4,10.1021/ja3110895,25.0,0.00016,Thio-LISICON,Sulphides,
793.0,Li10SnP2S12,10.1021/ja407393y,60.0,0.0112,Thio-LISICON,Sulphides,
794.0,Li6.5La3Nb1.25Y0.75O12 ,10.1021/jp304737x,25.0,0.00027,Garnet,Oxides,
795.0,Li6La3Nb1.5Y0.5O12 ,10.1021/jp304737x,24.0,0.000188,Garnet,Oxides,
797.0,Li10GeP2S12,10.1038/nmat3066,5.0,0.00631,Thio-LISICON,Sulphides,
798.0,Li7La3Sn2O12,10.1039/b907331k,85.0,2.88e-08,Garnet,,
799.0,Li6.4La3Zr1.4Ta0.6O12 ,10.1039/C2JM31413D,127.0,0.0281,Garnet,Oxides,
800.0,Li6.5La3Zr1.5Ta0.5O12 ,10.1039/C2JM31413D,25.0,0.00092,Garnet,Oxides,
801.0,Li6.6La3Zr1.6Ta0.4O12 ,10.1039/C2JM31413D,25.0,0.00073,Garnet,Oxides,
802.0,Li6.7La3Zr1.7Ta0.3O12,10.1016/j.ceramint.2018.09.245,30.0,0.00103,Garnet,Oxides,
803.0,Li6.2La3Zr1.2Ta0.8O12 ,10.1039/C2JM31413D,25.0,0.00032,Garnet,Oxides,
804.0,Li6.8La3Zr1.8Ta0.2O12 ,10.1039/C2JM31413D,25.0,0.00028,Garnet,Oxides,
805.0,Li6La3ZrTaO12 ,10.1039/C2JM31413D,25.0,0.00016,Garnet,Oxides,
806.0,Li6.6La3Zr1.6Sb0.4O12,10.1039/C3CP50991E,30.0,0.00077,Garnet,Oxides,
807.0,Li6.4La3Zr1.4Sb0.6O12 ,10.1039/C3CP50991E,30.0,0.00066,Garnet,Oxides,
808.0,Li6.2La3Zr1.2Sb0.8O12 ,10.1039/C3CP50991E,25.0,0.00045,Garnet,Oxides,
809.0,Li6La3ZrSbO12 ,10.1039/C3CP50991E,30.0,0.00026,Garnet,Oxides,
810.0,Li6.8La3Zr1.8Sb0.2O12 ,10.1039/C3CP50991E,30.0,5.9e-05,Garnet,Oxides,
812.0,Li5La3Ta2O12 ,10.1111/j.1151-2916.2003.tb03318.x,25.0,3.4e-06,Garnet,Oxides,
813.0,Li5La3Nb2O12 ,10.1111/j.1151-2916.2003.tb03318.x,393.0,0.0331,Garnet,Oxides,
814.0,Li6BaLa2Nb2O12 ,10.1111/j.1551-2916.2005.00060.x,22.0,6e-06,Garnet,Oxides,
815.0,Li6SrLa2Nb2O12 ,10.1111/j.1551-2916.2005.00060.x,22.0,4.2e-06,Garnet,Oxides,
816.0,Li6CaLa2Nb2O12,10.1111/j.1551-2916.2005.00060.x,22.0,1.6e-06,Garnet,Oxides,
817.0,Li3.25Ge0.25P0.75S4,10.1149/1.1379028,25.0,0.0022,Thio-LISICON,Sulphides,
818.0,Li6.75La3Zr1.75Ta0.25O12 ,10.1149/2.024205esl,25.0,0.00063,Garnet,Oxides,
821.0,Li10SiP2S12,10.1149/2.0501412jes,27.0,0.0023,Thio-LISICON,Sulphides,
825.0,Li1.3Al0.3Ti1.7(PO4)3,10.1149/1.2086597,200.0,0.033,NASICON,,
826.0,Li1.5Al0.5Ge1.5(PO4)3,10.1016/j.jpowsour.2009.11.037,127.05,0.0843,NASICON,,
827.0,Li1.5Al0.5Ge1.5(PO4)3,10.1016/j.jpowsour.2009.11.037,76.74,0.0324,NASICON,,
828.0,Li1.5Al0.5Ge1.5(PO4)3,10.1016/j.jpowsour.2009.11.037,46.92,0.012,NASICON,,
829.0,Li1.5Al0.5Ge1.5(PO4)3,10.1016/j.jpowsour.2009.11.037,26.58,0.00443,NASICON,Oxides,
830.0,Li1.5Al0.5Ge1.5(PO4)3,10.1149/1.2988731,106.96,0.142,NASICON,,
831.0,Li1.5Al0.5Ge1.5(PO4)3,10.1149/1.2988731,64.71,0.0429,NASICON,,
832.0,Li1.5Al0.5Ge1.5(PO4)3,10.1149/1.2988731,27.94,0.00526,NASICON,Oxides,
836.0,Li5.4La3Nb1.8Y0.75O12,10.1021/jp304737x,25.0,2.51e-05,Garnet,Oxides,
837.0,Li2MgZrO4,10.1063/1.4710021,140.0,1e-08,Rocksalt,,
840.0,Li6SrLa2Ta2O12,10.1002/adfm.200400044,30.0,7e-06,Garnet,Oxides,
841.0,"""(Li2O)50 (Al2O3)4 (P2O5)46""",10.1016/j.jeurceramsoc.2008.12.016,52.0,7.94e-08,Glass,,
842.0,"""(Li2O)50 (Al2O3)4 (P2O5)46""",10.1016/j.jeurceramsoc.2008.12.016,65.0,1.66e-07,Glass,,
843.0,"""(Li2O)50 (Al2O3)4 (P2O5)46""",10.1016/j.jeurceramsoc.2008.12.016,78.0,3.55e-07,Glass,,
844.0,"""(Li2O)50 (Al2O3)4 (P2O5)46""",10.1016/j.jeurceramsoc.2008.12.016,97.0,1.41e-06,Glass,,
845.0,"""(Li2O)50 (Al2O3)4 (P2O5)46""",10.1016/j.jeurceramsoc.2008.12.016,113.0,5.01e-06,Glass,,
846.0,"""(Li2O)50 (Al2O3)4 (P2O5)46""",10.1016/j.jeurceramsoc.2008.12.016,131.0,1.41e-05,Glass,,
847.0,"""(Li2O)50 (Al2O5)5 (P2O5)45""",10.1016/j.jeurceramsoc.2008.12.016,25.0,1.15e-08,Glass,Oxides,
848.0,"""(Li2O)50 (Al2O5)5 (P2O5)45""",10.1016/j.jeurceramsoc.2008.12.016,55.0,1.26e-07,Glass,,
849.0,"""(Li2O)50 (Al2O5)5 (P2O5)45""",10.1016/j.jeurceramsoc.2008.12.016,85.0,7.94e-07,Glass,,
850.0,"""(Li2O)50 (Al2O5)5 (P2O5)45""",10.1016/j.jeurceramsoc.2008.12.016,112.0,5.01e-06,Glass,,
851.0,"""(Li2O)50 (Al2O5)5 (P2O5)45""",10.1016/j.jeurceramsoc.2008.12.016,128.0,1.78e-05,Glass,,
852.0,"""(Li2O)50 (P2O5)50""",10.1016/j.jeurceramsoc.2008.12.016,25.0,1.32e-09,Glass,Oxides,
853.0,"""(Li2S)9(LaOI)""",10.1016/j.ssi.2008.01.072,30.0,8.13e-09,Glass,Sulphides and Other Anions,
854.0,"""(Li2S)2(LaOI)5""",10.1016/j.ssi.2008.01.072,210.0,3.09e-08,Glass,,
855.0,"""(AgI)0.5(LiPO3)0.5""",10.1016/j.ssi.2008.04.015,30.0,4.1e-08,Glass,Oxides and Other Anions,
856.0,LiPO3,10.1016/j.ssi.2008.04.015,70.0,5.5e-08,Glass,,
857.0,"""(Li2S)2(LaOI)5""",10.1016/j.ssi.2008.01.072,30.0,6.92e-08,Glass,Sulphides and Other Anions,
858.0,"""(Li2S)(LaOI)""",10.1016/j.ssi.2008.01.072,30.0,2.75e-07,Glass,Sulphides and Other Anions,
859.0,Li3.9Zn0.05GeS4,10.1016/S0167-2738(00)00277-0,25.0,2.84e-07,Thio-LISICON,Sulphides,
860.0,"""(AgI)0.5(LiPO3)0.5""",10.1016/j.ssi.2008.04.015,130.0,6.46e-07,Glass,,
861.0,Li1.6Ti1.7Mg0.3P3O12,10.1016/0167-2738(86)90176-1,25.0,2.8e-06,NASICON,Oxides,
862.0,"""(Li2S)7(LaOI)3""",10.1016/j.ssi.2008.01.072,30.0,2.88e-06,Glass-Ceramic,Sulphides and Other Anions,
863.0,Li7La3Ta2O13,10.1016/j.ssi.2009.07.002,48.0,3.3e-06,Garnet,,
864.0,"""(Li0.5La0.5TiO3)94(SiO2)6""",10.1016/j.ssi.2008.08.013,15.0,6.3e-06,Glass-Ceramic,Oxides,
865.0,"""(Li0.5La0.5TiO3)97(SiO2)3""",10.1016/j.ssi.2008.08.013,15.0,1e-05,Glass-Ceramic,Oxides,
866.0,"""(Li0.5La0.5TiO3)95(SiO2)5""",10.1016/j.ssi.2008.08.013,15.0,1.25e-05,Glass-Ceramic,Oxides,
867.0,Li7La3Zr2O12,10.1016/j.jpowsour.2012.02.031,29.0,2.3e-05,Garnet,Oxides,
868.0,Li4.275Ge0.61Ga0.25S4,10.1016/S0167-2738(00)00277-0,25.0,6.34e-05,Thio-LISICON,Sulphides,
869.0,Li1.4Ti1.6In0.4P3O12,10.1016/0167-2738(86)90176-1,25.0,0.00019,NASICON,Oxides,
870.0,Li1.8Cr0.8Ti1.2(PO4)3,10.1016/0167-2738(88)90291-3,25.0,0.00024,NASICON,Oxides,
871.0,Li3.6Ge0.4P0.6S4,10.1149/1.1379028,40.0,0.00033,Thio-LISICON,,
872.0,"""(Li2S)9(LaOI)""",10.1016/j.ssi.2008.01.072,210.0,0.00145,Glass-Ceramic,,
873.0,Li3.35Ge0.35P0.65S4,10.1149/1.1379028,40.0,0.00251,Thio-LISICON,,
874.0,Li1.6Ti1.7Mg0.3P3O12,10.1016/0167-2738(86)90176-1,300.0,0.0053,NASICON,,
875.0,Li3.6Ge0.4P0.6S4,10.1149/1.1379028,150.0,0.00617,Thio-LISICON,,
876.0,Li1.6Ga0.6Ti1.4(PO4)3,10.1016/0167-2738(86)90176-1,300.0,0.0084,NASICON,,
877.0,"""(Li2S)(LaOI)""",10.1016/j.ssi.2008.01.072,210.0,0.0145,Glass-Ceramic,,
878.0,"""(Li2S)7(LaOI)3""",10.1016/j.ssi.2008.01.072,210.0,0.0182,Glass-Ceramic,,
879.0,Li3.35Ge0.35P0.65S4,10.1149/1.1379028,150.0,0.0254,Thio-LISICON,,
880.0,Li3.25Ge0.25P0.75S4,10.1149/1.1379028,150.0,0.0398,Thio-LISICON,,
881.0,Li1.4Ti1.6In0.4P3O12,10.1016/0167-2738(86)90176-1,300.0,0.055,NASICON,,
882.0,Li5La3Nb2O12 ,10.1111/j.1151-2916.2003.tb03318.x,527.0,0.0708,Garnet,,
883.0,Li6NiCl8,10.1002/zaac.19875531020,203.19,1.67e-06,Rocksalt,,
884.0,Li6CoCl8,10.1002/zaac.19875531020,135.16,4.89e-06,Rocksalt,,
885.0,Li6CoCl8,10.1002/zaac.19875531020,315.0,3.34e-05,Rocksalt,,
886.0,Li6NiCl8,10.1002/zaac.19875531020,393.66,0.0189,Rocksalt,,
887.0,Li6FeCl8,10.1002/zaac.19875531020,90.63,1.55e-06,Rocksalt,,
888.0,Li6FeCl8,10.1002/zaac.19875531020,282.0,0.00569,Rocksalt,,
889.0,"""((Li2S)0.6 (SiS2)0.4 )95 (Li4SiO4)5""",10.1149/1.1392498,25.0,0.00588,Glass,Sulphides and Other Anions,
890.0,Li6La2Ca(Nb)2O12,10.1016/j.ssi.2008.01.047,25.0,2.11e-06,Garnet,Oxides,
891.0,Li6MgLa2Ta2O12,10.1149/1.2800764,21.1,1.92e-07,Garnet,Oxides,
892.0,Li1.5Al0.5Ge1.5(PO4)3,10.1149/1.3122903,25.0,0.006309,NASICON,Oxides,
893.0,Li4.4Al0.4Ge0.6S4,10.1021/acs.chemmater.8b03175,30.0,4.33e-05,Thio-LISICON,Sulphides,
894.0,Li4.4Al0.4Sn0.6S4,10.1021/acs.chemmater.8b03175,30.0,4.39e-06,Thio-LISICON,Sulphides,
895.0,Li4.4Ga0.4Ge0.6S4,10.1021/acs.chemmater.8b03175,30.0,1.63e-05,Thio-LISICON,Sulphides,
896.0,Li4.4Ga0.4Sn0.6S4,10.1021/acs.chemmater.8b03175,30.0,3.2e-06,Thio-LISICON,Sulphides,
897.0,Li4.275Ga0.25Ge0.61S4,10.1016/S0167-2738(00)00277-0,127.0,0.00141,Thio-LISICON,Sulphides,
898.0,Li4.8Al0.8Si0.2S4,10.1006/jssc.2002.9701,86.7,7.07e-06,Thio-LISICON,,
899.0,Li4GeS4,10.1016/S0167-2738(00)00277-0,127.0,5.25e-05,Thio-LISICON,Sulphides,
900.0,Li4SnS4,10.1021/cm3011315,100.0,0.003,Thio-LISICON,Sulphides,
901.0,Li5AlS4,10.1016/j.jssc.2017.09.018,25.0,1.26e-08,Thio-LISICON,Sulphides,
902.0,Li5GaS4,10.1016/S0167-2738(00)00277-0,100.0,5.1e-08,Thio-LISICON,,
903.0,LiMgPO4,10.1021/cm504518q,25.0,6.31e-12,Olivine,Oxides,
904.0,Li0.95Mg0.95In0.05PO4,10.1021/cm504518q,25.0,1.12e-10,Olivine,Oxides,
905.0,Li0.9Mg0.9In0.1PO4,10.1021/cm504518q,25.0,5.01e-10,Olivine,Oxides,
906.0,Li0.85Mg0.85In0.15PO4,10.1021/cm504518q,25.0,1.26e-09,Olivine,Oxides,
907.0,Li0.83Mg0.83In0.17PO4,10.1021/cm504518q,25.0,1.41e-09,Olivine,Oxides,
908.0,LiMgPO4,10.1021/cm504518q,90.0,4.68e-10,Olivine,,
909.0,Li0.95Mg0.95In0.05PO4,10.1021/cm504518q,90.0,1.12e-08,Olivine,,
910.0,Li0.9Mg0.9In0.1PO4,10.1021/cm504518q,90.0,2.51e-08,Olivine,,
911.0,Li0.85Mg0.85In0.15PO4,10.1021/cm504518q,90.0,7.08e-08,Olivine,,
912.0,Li0.83Mg0.83In0.17PO4,10.1021/cm504518q,90.0,7.94e-08,Olivine,,
913.0,Li3AlS3,10.1021/acs.chemmater.9b03230,25.0,1.31e-08,Other,Sulphides,
914.0,Li3AlS3,10.1021/acs.chemmater.9b03230,108.0,6.31e-07,Other,,
915.0,Li6SiO4Cl2,10.1021/acs.chemmater.1c00157,25.0,1e-10,Argyrodite,Oxides and Other Anions,
916.0,Li6SiO4Cl2,10.1021/acs.chemmater.1c00157,302.0,6.2e-06,Argyrodite,,
917.0,LiTa2PO8,10.1039/C8TA09170F,25.0,0.0016,Other,Oxides,
918.0,LiTa2PO8,10.1039/C8TA09170F,85.0,0.0158,Other,,
919.0,Li1.4S2.2P0.6,10.1016/j.ssi.2006.07.017,45.0,0.00316,Glass-Ceramic,,
920.0,Li4.8Al0.8Si0.2S4,10.1006/jssc.2002.9701,253.0,0.00398,Thio-LISICON,Oxides and Other Anions,
921.0,LiF,"Journal De Physique 26 339-341, 1965",392.0,7.75e-09,Rocksalt,Oxides,
922.0,Li0.022 La0.118 Ti0.2 Al0.004 O0.631,10.1007/BF02378009,97.37,0.00562,Perovskite,,
922.0,LiF,"Journal De Physique 26 339-341, 1965",351.0,2.65e-09,Rocksalt,,
923.0,LiF,"Journal De Physique 26 339-341, 1965",321.0,1.07e-09,Rocksalt,,
924.0,LiF,10.1023/A:1006564921011,270.0,1.85e-10,Rocksalt,,
925.0,LiF,10.1023/A:1006564921011,203.0,1.41e-11,Rocksalt,,
926.0,LiF,10.1023/A:1006564921011,142.0,5.7e-13,Rocksalt,,
927.0,Li0.022 La0.118 Ti0.2 Al0.004 O0.631,10.1007/BF02378009,30.0,0.000891,Perovskite,Oxides,
928.0,Li0.022 La0.115 Ti0.165 Al0.055 O0.618,10.1007/BF02378009,97.37,0.00446,Perovskite,,
930.0,Li2ZrS3,10.1016/j.ssi.2008.01.055,30.0,7.3e-06,Thio-LISICON,Sulphides,
931.0,Li0.022 La0.115 Ti0.165 Al0.055 O0.618,10.1007/BF02378009,30.0,0.000525,Perovskite,Oxides,
2000.0,(YPO4)0.8(Li3PO4)0.2,10.1016/0167-2738(89)90457-8,25.0,1.41e-05,Zircon,Oxides,
2001.0, Li0.8La0.066Zr2(PO4)3,10.1007/s11581-009-0332-6,25.0,8.2e-06,NASICON,Oxides,
2003.0,Li3.09BO2.53N0.52,10.1016/j.jpowsour.2008.09.089,25.0,8.65e-07,Glass,Oxides,
2004.0,Li5Nd3Sb2O12,10.1016/j.ssi.2008.01.002,25.0,5.58e-07,Garnet,Oxides,
2005.0,Li5La3Sb2O12,10.1016/j.ssi.2008.01.002,25.0,2.06e-06,Garnet,Oxides,
2006.0,LiAlSi2O6,10.1016/j.ssi.2009.02.028,25.0,3.49e-09,Glass,Oxides,
2007.0,"""(Li2O)16.6 (SiO2)83.4""",10.1016/S0022-3093(99)00688-2,25.0,1.3e-09,Glass,Oxides,
2008.0,Li3Fe2P3O12,10.1016/0167-2738(90)90442-T,25.0,1.11e-08,Glass-Ceramic,Sulphides and Other Anions,
2009.0,Li2.9Sc1.9Zr0.1(PO4)3,10.1016/S0925-8388(96)02746-6,25.0,7.48e-05,NASICON,Sulphides,
2010.0,Li1.9Mg0.1TiO3.05,10.1016/j.ssi.2008.03.001,25.0,1.96e-07,Rocksalt,Sulphides and Other Anions,
2011.0,(YPO4)0.9(Li3PO4)0.1,10.1016/0167-2738(89)90457-8,25.0,4.64e-07,Zircon,Oxides,
2012.0,(YPO4)0.7(Li3PO4)0.3,10.1016/0167-2738(89)90457-8,25.0,6.57e-09,Zircon,Oxides,
2013.0,(YPO4)0.5(Li3PO4)0.5,10.1016/0167-2738(89)90457-8,25.0,6.68e-11,Zircon,Oxides,
2014.0,LiGaSiO4,10.1016/0167-2738(87)90048-8,25.0,1.08e-11,Phenakite,Oxides,
2015.0,Li0.68Ga0.68Si2.33O6,10.1016/0167-2738(87)90048-8,25.0,3.15e-11,Phenakite,Oxides,
2016.0,Li0.96Ga0.96Si2.04O6,10.1016/0167-2738(87)90048-8,25.0,2.35e-11,Phenakite,Oxides,
2017.0,Li4Al0.33Si0.33P0.33O4,10.1021/acsami.6b14402,25.0,3.25e-06,LISICON,Oxides,
2018.0,Li4Al0.33Si0.17Ge0.17P0.33O4,10.1021/acsami.6b14402,25.0,1.61e-06,LISICON,Oxides,
2019.0,Li4.25Si0.75Al0.25O4,10.1021/acsami.6b14402,25.0,2.02e-08,LISICON,Oxides,
2020.0,Li3.75Si0.75P0.25O4,10.1021/acsami.6b14402,25.0,5.54e-07,LISICON,Oxides,
2021.0,LiCaTiNbO6,10.1021/cm9810382,25.0,6.07e-07,Perovskite,Oxides,
2022.0,Li3Cr(MoO4)3,10.1039/B301189e,25.0,3.19e-09,LISICON,Oxides,
2023.0,Li2Mg2(MoO4)3,10.1039/B301189e,25.0,5.35e-12,Lysonite,Oxides,
2024.0,Li3Fe(MoO4)3,10.1039/B301189e,25.0,5.89e-10,Lysonite,Oxides,
2025.0,Li6FeCl8,10.1002/zaac.19875531020,25.0,8.97e-08,Rocksalt,Halides,
2026.0,Li4.8Si0.2Al0.8S4,10.1006/jssc.2002.9701,25.0,1.07e-06,Thio-LISICON,Sulphides,
2027.0,Li3.6Ge0.4P0.6S4,10.1149/1.1379028,25.0,0.000221356,Thio-LISICON,Sulphides,
2028.0,Li3.35Ge0.35P0.65S4,10.1149/1.1379028,25.0,0.001830655,Thio-LISICON,Sulphides,
2029.0,Li6NiCl8,10.1002/zaac.19875531020,25.0,2.69e-10,Rocksalt,Halides,
2030.0,Li6CoCl8,10.1002/zaac.19875531020,25.0,1.51e-06,Rocksalt,Halides,
2031.0,LiF,"Journal De Physique 26 339-341, 1965",25.0,1.18e-14,Rocksalt,Halides,
,,,,,,,
